CustomerID,Recency,Frequency,Monetary,Cluster
12346,325,1,77183.6,1
12347,1,6,3598.21,1
12348,74,3,904.44,1
12349,18,1,1757.55,1
12350,309,1,334.40000000000003,1
12352,35,8,2506.04,1
12353,203,1,89.0,1
12354,231,1,1079.4,1
12355,213,1,459.40000000000003,1
12356,22,3,2811.43,1
12357,32,1,6207.67,1
12358,1,2,1168.06,1
12359,57,4,6301.63,1
12360,51,3,2662.06,1
12361,286,1,189.9,1
12362,2,10,5226.2300000000005,1
12363,109,2,552.0,1
12364,7,4,1313.1,1
12365,290,2,641.38,1
12367,3,1,168.9,1
12370,50,2,1677.67,1
12371,44,2,1887.96,1
12372,71,3,1298.04,1
12373,310,1,364.6,1
12374,24,1,742.9300000000001,1
12375,10,2,457.5,1
12377,314,1,626.6,1
12378,129,1,4008.62,1
12379,81,2,852.24,1
12380,21,4,2724.81,1
12381,4,5,1845.31,1
12383,184,4,1249.84,1
12384,28,2,585.27,1
12386,337,1,143.0,1
12388,15,6,2780.6600000000003,1
12390,79,1,549.84,1
12391,21,1,439.66,1
12393,71,4,1582.6000000000001,1
12394,63,2,1272.48,1
12395,18,10,2338.71,1
12397,35,2,2409.9,1
12398,45,1,1635.6599999999999,1
12399,118,4,1108.65,1
12401,302,1,84.3,1
12402,322,1,225.60000000000002,1
12403,49,1,427.7,1
12405,148,1,1710.39,1
12406,21,2,3415.3,1
12407,49,5,1708.12,1
12408,32,5,2888.55,1
12409,78,3,11072.67,1
12410,308,2,693.33,1
12412,74,3,1226.88,1
12413,66,3,758.1,1
12414,216,3,562.4100000000001,1
12415,23,21,124914.53,1
12417,2,8,3357.76,1
12418,112,1,668.58,1
12420,63,1,600.39,1
12421,15,4,807.04,1
12422,95,3,803.5600000000001,1
12423,0,7,1621.38,1
12424,162,2,1760.96,1
12425,77,1,777.2,1
12426,194,1,582.73,1
12427,21,2,522.3,1
12428,25,9,7956.46,1
12429,8,3,2468.9,1
12430,42,1,256.4,1
12431,35,13,5713.5,1
12432,42,5,5059.32,1
12433,0,5,9588.75,1
12434,84,2,806.14,1
12435,79,2,7829.89,1
12436,99,1,509.01,1
12437,1,18,4951.41,1
12438,13,2,2906.85,1
12442,2,1,172.06,1
12444,20,5,5005.46,1
12445,21,1,133.4,1
12446,57,1,1002.3100000000001,1
12447,242,1,476.49,1
12448,43,1,449.45,1
12449,21,4,4067.29,1
12450,155,2,197.88,1
12451,10,5,9035.52,1
12452,16,2,430.57000000000005,1
12453,133,1,707.09,1
12454,55,1,3528.34,1
12455,72,6,2466.86,1
12456,43,3,3181.04,1
12457,65,7,2363.23,1
12458,70,2,947.4,1
12461,93,2,826.88,1
12462,18,2,1189.59,1
12463,52,4,1344.78,1
12464,9,8,1212.05,1
12465,16,2,742.19,1
12468,187,2,729.54,1
12471,1,26,15949.69,1
12472,31,6,4940.81,1
12473,28,5,3928.05,1
12474,16,18,7324.09,1
12475,53,1,723.38,1
12476,15,10,6803.97,1
12477,22,6,13219.74,1
12478,3,1,680.99,1
12479,10,1,527.2,1
12480,27,4,3281.63,1
12481,22,8,4788.48,1
12483,16,8,2484.98,1
12484,32,6,4527.32,1
12488,9,3,1298.66,1
12489,335,1,334.93,1
12490,4,10,5417.93,1
12491,38,1,460.40000000000003,1
12492,62,2,263.21000000000004,1
12493,165,2,433.74,1
12494,15,5,1183.55,1
12497,81,1,1043.1,1
12498,20,3,403.70000000000005,1
12500,22,11,4257.82,1
12501,336,1,2169.39,1
12502,95,5,3723.87,1
12504,17,2,482.04999999999995,1
12506,232,1,73.5,1
12507,133,3,1304.81,1
12508,25,2,397.88,1
12509,283,1,176.5,1
12510,142,2,982.5699999999999,1
12512,65,2,132.18,1
12513,112,1,612.29,1
12514,266,1,1017.6800000000001,1
12516,77,2,1312.06,1
12517,27,5,2481.6,1
12518,0,5,2056.89,1
12519,63,1,330.84000000000003,1
12520,78,5,2634.26,1
12521,142,1,599.68,1
12522,38,2,192.72,1
12523,18,11,1789.77,1
12524,8,8,4485.72,1
12526,0,3,1316.66,1
12527,81,3,348.71000000000004,1
12528,8,6,1933.48,1
12530,59,4,1662.28,1
12531,14,1,125.22,1
12532,29,1,349.83000000000004,1
12534,130,1,1089.18,1
12535,91,2,716.35,1
12536,42,3,12601.830000000002,1
12538,28,1,363.95,1
12539,21,4,5568.35,1
12540,19,16,12519.23,1
12541,29,3,981.18,1
12544,35,1,372.7,1
12545,74,2,1000.39,1
12546,46,2,1161.5,1
12547,197,2,207.8,1
12548,165,1,95.19999999999999,1
12550,78,1,964.83,1
12552,38,2,437.82,1
12553,7,10,3692.28,1
12556,49,2,599.56,1
12557,15,4,11370.960000000001,1
12558,7,1,269.96,1
12559,310,2,561.71,1
12560,4,3,2134.01,1
12561,302,1,238.85,1
12562,7,7,3781.7400000000002,1
12564,260,1,456.90000000000003,1
12565,288,1,145.92000000000002,1
12566,85,1,351.65,1
12567,22,8,7458.9,1
12569,1,32,4124.6900000000005,1
12571,39,2,519.61,1
12572,8,2,1020.4200000000001,1
12573,226,1,160.54000000000002,1
12574,315,1,218.45000000000002,1
12576,35,5,1315.83,1
12577,34,2,430.71,1
12578,20,2,2794.51,1
12579,77,1,440.42,1
12580,246,1,415.7,1
12581,39,1,197.71,1
12582,238,2,511.36,1
12583,2,14,6425.52,1
12584,3,9,2338.15,1
12585,233,1,777.25,1
12586,16,1,196.94000000000003,1
12587,7,1,144.0,1
12588,38,1,214.89999999999998,1
12589,28,2,646.68,1
12590,210,2,9864.26,1
12591,316,1,452.84999999999997,1
12592,91,2,437.6,1
12593,108,3,418.1,1
12594,37,10,3338.2200000000003,1
12596,50,2,618.27,1
12597,18,4,3811.22,1
12598,9,8,3023.08,1
12599,28,7,1032.58,1
12600,28,8,2324.24,1
12601,189,5,577.0600000000001,1
12602,58,1,153.12,1
12603,21,1,739.1999999999999,1
12604,78,2,254.18,1
12607,59,1,1579.51,1
12609,77,3,1126.85,1
12610,22,5,2099.54,1
12611,51,1,1193.32,1
12612,73,1,704.04,1
12613,56,5,3344.38,1
12614,277,1,315.6,1
12615,1,4,2291.19,1
12616,94,2,713.3,1
12617,28,1,352.98,1
12618,21,1,177.31,1
12619,15,9,3641.24,1
12620,14,3,1339.41,1
12621,1,18,12306.02,1
12622,231,1,180.1,1
12623,275,1,305.1,1
12624,105,2,641.13,1
12625,211,2,2683.82,1
12626,22,9,6620.4800000000005,1
12627,10,7,4478.53,1
12628,3,3,786.46,1
12630,9,2,1270.88,1
12631,56,1,640.5,1
12633,58,4,2163.98,1
12635,89,2,1689.18,1
12637,66,8,6002.9,1
12638,32,1,671.69,1
12639,238,1,486.1,1
12640,23,3,1174.58,1
12641,114,1,185.9,1
12642,24,3,1013.26,1
12643,127,6,3344.64,1
12644,129,1,477.90999999999997,1
12645,33,4,1775.18,1
12646,4,2,1346.97,1
12647,21,8,2529.22,1
12648,154,1,318.05,1
12649,106,3,623.51,1
12650,2,1,314.44,1
12651,334,1,114.0,1
12652,330,1,919.98,1
12653,148,2,2209.85,1
12654,10,5,601.98,1
12656,16,5,4051.17,1
12657,10,4,1643.18,1
12658,18,1,686.05,1
12659,29,1,91.68,1
12660,10,1,245.10000000000002,1
12662,0,10,3588.3,1
12664,7,9,4881.88,1
12665,324,1,63.0,1
12667,57,1,620.13,1
12668,11,3,3337.28,1
12669,150,3,2744.0299999999997,1
12670,9,5,2996.05,1
12672,329,1,225.9,1
12673,4,2,610.52,1
12674,38,4,1970.6,1
12676,24,6,1331.39,1
12678,41,10,17407.18,1
12679,58,4,1113.02,1
12680,0,4,862.81,1
12681,14,20,11669.43,1
12682,3,29,11204.53,1
12683,3,13,7413.49,1
12684,7,7,2283.63,1
12685,27,6,2863.08,1
12688,113,1,4863.81,1
12689,25,2,1247.6100000000001,1
12690,205,1,389.01,1
12691,27,5,855.8,1
12693,126,4,855.91,1
12694,69,2,869.67,1
12695,6,4,582.1,1
12697,28,3,957.59,1
12700,7,4,4939.99,1
12701,79,2,797.71,1
12702,19,1,219.0,1
12703,70,1,283.55,1
12704,6,8,2340.84,1
12705,14,8,6010.29,1
12707,291,1,603.42,1
12708,29,9,2516.4700000000003,1
12709,14,13,8390.83,1
12710,96,3,1149.02,1
12712,28,11,3925.5,1
12713,0,1,848.55,1
12714,8,5,4708.86,1
12715,105,1,343.36,1
12716,3,2,1053.49,1
12717,150,2,1030.98,1
12718,70,1,238.25,1
12719,4,2,644.95,1
12720,2,23,5124.6,1
12721,31,5,2369.53,1
12722,84,4,997.63,1
12723,3,5,725.07,1
12724,4,4,1031.41,1
12726,27,6,2438.82,1
12727,10,7,3980.7000000000003,1
12728,70,4,836.33,1
12729,113,1,453.01,1
12731,23,11,17824.01,1
12732,179,1,236.26000000000002,1
12733,233,1,383.95,1
12735,314,2,779.5699999999999,1
12736,332,1,234.0,1
12739,77,2,1013.04,1
12740,63,1,427.6,1
12743,133,2,540.13,1
12744,51,7,21279.29,1
12747,1,9,3489.7400000000002,1
12748,0,174,28868.19,1
12749,3,5,4090.88,1
12750,128,1,275.88,1
12752,80,1,4366.78,1
12753,22,5,17838.8,1
12754,235,3,3010.74,1
12755,280,1,17.549999999999997,1
12756,86,1,112.08,1
12757,15,13,7834.650000000001,1
12758,116,2,2791.59,1
12759,51,3,1531.44,1
12762,7,2,1898.52,1
12763,137,1,174.0,1
12764,316,1,1693.88,1
12766,3,6,5840.34,1
12769,238,1,1143.6,1
12770,210,1,1351.45,1
12772,59,1,892.47,1
12775,16,5,1386.04,1
12778,19,6,822.23,1
12779,37,7,3733.2,1
12781,63,2,826.74,1
12782,4,4,1867.42,1
12783,1,6,2225.91,1
12784,8,2,532.82,1
12787,9,3,463.66,1
12789,64,1,91.85,1
12790,191,1,324.92,1
12792,256,1,400.54,1
12793,334,1,413.68,1
12794,52,2,860.41,1
12795,18,1,430.48,1
12798,9,3,6977.04,1
12802,186,1,427.58,1
12808,36,2,354.25,1
12809,177,1,489.31,1
12811,260,3,514.85,1
12812,44,1,229.64000000000001,1
12814,101,1,125.92,1
12815,147,2,1063.46,1
12816,95,2,572.2,1
12817,280,1,166.04000000000002,1
12818,261,1,1542.08,1
12820,2,4,942.34,1
12821,213,1,92.72,1
12822,70,2,948.88,1
12823,74,5,1759.5,1
12824,59,1,397.12,1
12826,2,6,1319.72,1
12827,5,3,430.15,1
12828,2,6,1018.71,1
12829,336,1,207.25,1
12830,37,6,6814.64,1
12831,261,1,215.05,1
12832,31,2,383.03000000000003,1
12833,144,1,417.38,1
12834,282,1,312.38,1
12836,58,4,2610.36,1
12837,172,1,134.1,1
12838,33,1,281.16,1
12839,2,12,4853.97,1
12840,143,4,2726.77,1
12841,4,23,3485.59,1
12842,69,2,1118.99,1
12843,65,8,1702.26,1
12844,28,2,325.96000000000004,1
12845,266,4,354.09000000000003,1
12847,21,1,843.64,1
12849,30,2,1010.29,1
12851,96,1,131.81,1
12852,294,1,311.55,1
12853,134,6,1957.1000000000001,1
12854,78,3,1316.25,1
12856,7,6,2170.78,1
12857,210,2,1106.4,1
12863,51,1,521.2,1
12864,137,1,147.12,1
12865,25,2,1568.23,1
12866,282,1,559.12,1
12867,25,6,3646.55,1
12868,185,5,1403.76,1
12871,83,2,380.64,1
12872,326,1,221.44,1
12873,281,1,374.0,1
12875,142,1,49.470000000000006,1
12876,57,2,2218.02,1
12877,3,11,1385.71,1
12878,235,2,854.99,1
12879,44,3,573.22,1
12881,275,1,298.0,1
12882,8,2,1463.04,1
12883,24,4,703.47,1
12884,87,1,309.05,1
12885,62,3,1175.22,1
12886,67,2,1378.4,1
12888,213,2,354.12,1
12890,23,1,376.71999999999997,1
12891,185,3,331.0,1
12893,30,1,176.55,1
12895,41,2,372.8,1
12897,204,2,216.5,1
12901,8,28,17654.54,1
12902,264,1,138.68,1
12904,17,2,496.06,1
12906,11,5,2919.81,1
12908,175,2,750.0,1
12909,39,5,2178.67,1
12910,22,8,3075.04,1
12912,2,5,1662.3,1
12913,4,4,2066.01,1
12915,148,1,164.0,1
12916,138,4,2944.95,1
12917,127,1,594.0,1
12919,7,6,1335.19,1
12920,16,1,162.78,1
12921,8,35,15899.29,1
12922,160,1,405.38,1
12923,63,1,172.82,1
12924,87,4,933.7,1
12925,4,2,694.05,1
12928,34,4,1670.3600000000001,1
12929,311,1,117.85,1
12930,77,2,415.8,1
12931,21,13,41878.96,1
12933,23,3,607.53,1
12935,1,7,2160.7,1
12936,16,4,1063.9,1
12937,14,4,1504.27,1
12938,25,1,114.14,1
12939,63,8,11581.8,1
12940,54,2,899.69,1
12942,130,2,416.85,1
12944,35,1,317.56,1
12945,287,1,462.95,1
12947,143,5,1299.95,1
12948,15,7,2064.95,1
12949,30,8,4167.22,1
12950,1,3,1843.0,1
12951,8,6,1064.07,1
12952,5,4,1387.79,1
12953,9,1,329.85,1
12955,0,11,4757.16,1
12956,305,1,108.07,1
12957,9,8,4017.54,1
12962,6,2,266.39,1
12963,7,7,1490.83,1
12965,88,1,769.8100000000001,1
12966,9,1,160.18,1
12968,111,1,135.95,1
12970,6,4,405.47,1
12971,3,81,10753.72,1
12974,197,1,144.8,1
12976,211,1,738.6,1
12977,155,1,39.239999999999995,1
12980,157,8,6485.58,1
12981,29,2,372.21999999999997,1
12982,242,1,390.54,1
12984,18,1,97.5,1
12985,0,2,1239.38,1
12987,73,2,558.7,1
12988,291,1,505.82,1
12989,2,14,6721.61,1
12990,30,3,409.5,1
12991,22,2,503.76,1
12993,22,4,414.76,1
12994,3,3,974.42,1
12995,84,1,211.32,1
12997,21,4,1226.89,1
12999,195,3,455.88,1
13000,106,2,333.1,1
13001,3,13,9785.970000000001,1
13002,317,1,120.95,1
13003,105,3,149.05,1
13004,11,17,5298.9,1
13005,173,2,513.7,1
13006,55,1,81.57,1
13008,322,1,229.47,1
13012,8,8,1646.8400000000001,1
13013,0,11,3282.6,1
13014,10,10,3466.28,1
13015,52,5,3339.64,1
13016,72,3,789.89,1
13017,6,1,204.0,1
13018,15,28,7277.7,1
13021,3,8,2459.03,1
13023,63,2,689.9,1
13026,0,5,975.36,1
13027,113,5,5472.0,1
13028,22,2,661.3199999999999,1
13029,30,2,865.0,1
13030,10,1,350.08,1
13032,51,2,1010.1800000000001,1
13034,54,1,476.91,1
13035,73,2,921.88,1
13037,137,3,881.07,1
13038,79,3,908.46,1
13040,8,2,676.99,1
13043,272,1,516.42,1
13044,290,1,560.47,1
13045,98,1,305.28000000000003,1
13046,30,2,619.31,1
13047,31,7,2870.91,1
13048,13,4,1819.41,1
13049,63,2,656.6800000000001,1
13050,14,13,4636.99,1
13052,211,1,348.15000000000003,1
13055,77,3,1214.41,1
13058,24,3,271.40000000000003,1
13059,249,1,183.4,1
13060,253,1,307.53000000000003,1
13061,71,1,248.61,1
13062,190,1,346.98,1
13064,12,4,1105.59,1
13066,23,2,470.8,1
13067,81,1,115.46000000000001,1
13068,9,2,344.0,1
13069,0,20,3787.32,1
13070,191,1,228.8,1
13072,266,1,177.15,1
13075,129,1,919.61,1
13077,0,3,414.3,1
13078,2,24,11746.78,1
13079,3,5,220.10000000000002,1
13080,178,1,58.08,1
13081,11,9,25970.6,1
13082,125,9,3613.63,1
13083,3,2,303.75,1
13085,157,2,416.08,1
13089,2,89,52808.87,1
13090,8,11,7902.42,1
13091,27,1,345.82,1
13092,70,4,292.38,1
13093,275,5,4036.96,1
13094,20,11,1703.64,1
13095,70,1,74.39999999999999,1
13097,32,9,5698.32,1
13098,0,28,28882.44,1
13099,98,1,207.36,1
13101,233,1,101.19,1
13102,0,22,5750.17,1
13103,39,1,243.94,1
13104,2,5,996.72,1
13106,132,1,76.5,1
13107,43,4,1531.6200000000001,1
13109,59,2,786.54,1
13110,30,7,1488.67,1
13113,0,23,11872.99,1
13115,11,4,2294.78,1
13116,137,1,501.14,1
13117,21,6,596.76,1
13118,19,5,1197.81,1
13120,238,1,30.6,1
13121,268,1,283.73,1
13122,93,2,922.39,1
13124,89,2,2500.01,1
13126,4,6,1876.2,1
13127,77,1,259.17,1
13130,93,1,64.0,1
13131,22,3,1073.3,1
13132,261,1,77.3,1
13133,273,2,109.8,1
13134,85,4,1793.58,1
13135,196,1,3096.0,1
13136,55,5,2607.61,1
13137,10,8,3603.29,1
13138,21,5,769.16,1
13139,15,7,5064.9400000000005,1
13140,107,2,264.21,1
13141,84,5,2388.75,1
13142,18,1,307.09000000000003,1
13144,332,1,110.95,1
13145,39,3,323.52,1
13146,25,1,228.91,1
13147,9,4,712.8,1
13148,28,11,3373.86,1
13149,13,4,1676.06,1
13151,295,1,1257.8700000000001,1
13153,5,1,486.22,1
13155,32,3,592.06,1
13157,48,4,1741.22,1
13158,94,4,1201.06,1
13159,8,4,1429.35,1
13160,21,1,91.8,1
13161,312,1,112.75,1
13162,121,4,1679.89,1
13165,45,1,666.8399999999999,1
13166,282,1,417.2,1
13167,18,4,791.33,1
13168,35,4,1299.59,1
13169,63,2,712.88,1
13170,26,1,108.81,1
13171,21,3,468.41,1
13173,3,1,187.71,1
13174,15,2,1373.76,1
13176,45,1,481.49,1
13177,64,1,282.45,1
13178,25,10,5015.47,1
13182,44,1,121.18,1
13183,7,9,3957.78,1
13184,14,10,1668.95,1
13185,267,1,71.4,1
13186,39,3,1575.89,1
13187,336,1,236.02,1
13188,10,1,114.6,1
13189,18,2,260.68,1
13192,94,2,911.94,1
13193,60,1,112.08,1
13194,135,1,60.7,1
13196,10,4,1797.78,1
13198,9,5,3016.69,1
13199,3,36,9105.32,1
13200,18,4,870.09,1
13203,9,4,869.46,1
13207,14,2,250.26000000000002,1
13208,58,6,1217.65,1
13209,29,7,5572.76,1
13210,93,1,353.48,1
13211,9,2,984.72,1
13212,19,3,786.83,1
13213,56,5,1520.58,1
13216,267,1,333.74,1
13217,121,3,533.98,1
13218,126,1,62.64,1
13220,77,4,819.2900000000001,1
13221,239,1,349.25,1
13223,199,2,163.2,1
13224,59,2,2155.95,1
13225,2,6,5257.12,1
13226,272,1,108.21000000000001,1
13227,201,1,257.7,1
13228,80,1,358.0,1
13229,225,1,160.95,1
13230,3,13,2662.18,1
13232,12,7,1328.35,1
13233,73,2,605.12,1
13235,211,1,1031.07,1
13236,24,2,744.85,1
13238,16,3,609.58,1
13239,261,1,329.56,1
13240,95,3,439.58,1
13242,111,3,270.40000000000003,1
13243,202,1,585.12,1
13244,92,1,121.74000000000001,1
13245,50,1,430.5,1
13246,17,6,1961.52,1
13247,17,4,501.12,1
13248,124,2,465.68,1
13249,91,3,711.41,1
13253,156,2,1030.4,1
13255,8,1,173.81,1
13258,11,3,672.83,1
13259,61,1,283.18,1
13260,60,1,557.62,1
13261,268,2,944.1,1
13262,262,1,200.29,1
13263,0,35,7436.93,1
13265,52,5,2092.66,1
13266,10,12,3834.2599999999998,1
13267,2,17,3899.19,1
13268,17,11,3174.75,1
13269,0,13,4681.11,1
13271,36,1,211.49,1
13272,30,2,276.56,1
13273,112,1,138.98,1
13276,63,2,590.9300000000001,1
13277,15,4,258.4,1
13278,40,1,542.73,1
13279,77,1,137.75,1
13280,121,3,798.46,1
13282,17,3,1132.14,1
13283,59,2,93.66,1
13284,330,1,201.19,1
13285,22,4,2709.12,1
13291,155,1,361.11,1
13292,38,2,578.94,1
13294,189,2,873.74,1
13296,136,1,87.4,1
13297,7,4,2089.85,1
13298,0,1,360.0,1
13299,267,1,142.5,1
13300,168,1,371.89,1
13301,103,4,618.09,1
13302,154,1,63.75,1
13305,3,9,1864.66,1
13307,119,1,15.0,1
13308,22,3,1385.51,1
13309,6,5,1456.79,1
13310,27,3,1132.03,1
13311,3,2,598.57,1
13313,21,5,1555.3200000000002,1
13314,1,3,775.94,1
13316,36,4,5732.93,1
13317,65,4,2035.63,1
13318,0,3,640.76,1
13319,4,22,9294.47,1
13320,77,4,1532.2,1
13321,71,2,567.36,1
13322,16,1,199.48000000000002,1
13323,2,5,787.85,1
13324,35,9,6471.85,1
13325,81,1,675.3,1
13327,38,6,2882.77,1
13328,315,1,1308.48,1
13329,31,1,484.79999999999995,1
13330,92,3,1140.93,1
13332,13,1,350.90000000000003,1
13334,81,3,3502.32,1
13336,76,1,795.12,1
13338,157,1,487.02,1
13339,200,1,860.12,1
13340,44,7,10736.48,1
13341,260,1,775.85,1
13343,177,1,353.43,1
13344,67,3,2511.69,1
13345,287,1,389.5,1
13347,69,1,341.36,1
13348,63,1,233.76000000000002,1
13349,10,1,247.32,1
13350,15,2,979.12,1
13351,65,1,373.94,1
13352,59,1,397.98,1
13354,70,1,743.53,1
13355,121,1,674.7,1
13356,79,1,768.24,1
13357,256,1,609.4,1
13358,268,1,439.03000000000003,1
13359,63,1,439.56,1
13362,8,4,3090.7400000000002,1
13363,17,2,992.5,1
13364,70,1,134.96,1
13365,33,2,2225.37,1
13366,49,1,56.16,1
13368,256,2,623.4,1
13372,89,1,378.64,1
13373,60,3,3312.25,1
13375,88,1,778.65,1
13376,98,3,1019.76,1
13379,25,3,572.56,1
13381,31,6,3639.31,1
13382,280,1,222.99,1
13384,30,7,4151.93,1
13385,329,1,534.57,1
13388,130,2,677.1,1
13389,10,3,797.96,1
13390,74,1,544.08,1
13391,203,1,59.8,1
13394,1,8,2520.02,1
13395,184,1,307.72,1
13396,28,2,1360.99,1
13397,72,5,1544.13,1
13398,191,1,457.34000000000003,1
13402,126,1,312.95,1
13403,17,1,75.0,1
13404,0,2,252.49,1
13405,73,3,572.451,1
13408,1,57,25085.84,1
13410,23,5,1003.06,1
13411,106,1,213.55,1
13414,133,3,1390.5,1
13416,43,2,712.5,1
13417,4,2,640.83,1
13418,11,13,4547.81,1
13419,63,1,221.06,1
13420,149,2,159.85,1
13421,39,2,1833.71,1
13422,63,1,2626.3,1
13425,107,3,1624.21,1
13426,0,9,3304.34,1
13427,18,3,582.6,1
13428,9,1,201.78,1
13429,10,4,1006.8,1
13430,18,2,679.45,1
13431,66,2,1269.1,1
13434,73,2,534.24,1
13435,4,7,3809.89,1
13436,1,1,196.89,1
13437,13,7,3408.06,1
13439,254,1,283.71,1
13441,91,1,296.64,1
13447,22,3,1129.14,1
13448,16,3,2705.15,1
13449,23,1,291.88,1
13450,26,6,2043.72,1
13451,25,5,2898.2599999999998,1
13452,258,2,590.0,1
13453,165,2,356.98,1
13455,24,1,365.4,1
13456,17,6,1766.72,1
13458,6,13,8460.710000000001,1
13460,28,2,183.44,1
13461,38,3,1445.0,1
13462,252,1,151.5,1
13464,57,1,674.68,1
13466,183,1,307.90000000000003,1
13467,10,2,1071.91,1
13468,1,33,4793.97,1
13470,98,2,165.0,1
13471,0,4,2501.84,1
13473,60,2,422.64,1
13474,235,1,224.34,1
13475,190,4,1431.78,1
13476,178,2,1238.47,1
13477,37,6,1454.58,1
13479,200,2,300.95,1
13481,45,5,1804.56,1
13482,231,1,184.64000000000001,1
13483,65,1,140.34,1
13484,240,1,313.8,1
13485,232,1,454.24,1
13486,77,3,1122.41,1
13487,57,2,382.25,1
13488,16,12,7586.39,1
13489,104,4,449.52,1
13491,51,8,1019.42,1
13492,135,3,1269.84,1
13493,274,2,618.63,1
13494,311,1,316.26000000000005,1
13495,7,3,1179.44,1
13496,10,1,152.32,1
13497,282,1,194.55,1
13499,17,5,1159.1100000000001,1
13500,22,3,1166.77,1
13501,287,1,1340.32,1
13502,16,3,292.0,1
13503,70,1,216.85,1
13504,63,1,295.93,1
13505,72,4,4393.63,1
13506,315,1,157.4,1
13507,2,4,2479.16,1
13508,243,1,110.97,1
13509,8,7,979.72,1
13510,0,4,1791.56,1
13512,260,1,251.21,1
13513,126,1,205.1,1
13514,73,1,152.20000000000002,1
13515,72,4,891.12,1
13516,20,3,1389.41,1
13517,59,3,2128.42,1
13518,85,1,627.16,1
13519,77,1,122.75,1
13520,58,5,3320.95,1
13521,0,3,1071.73,1
13522,29,1,125.80000000000001,1
13523,32,4,3397.93,1
13524,40,5,680.1800000000001,1
13525,14,2,628.78,1
13527,33,7,2242.36,1
13529,78,2,307.76,1
13531,204,1,178.35,1
13532,33,1,210.31,1
13533,182,3,269.09,1
13534,1,23,5586.88,1
13536,0,7,3444.39,1
13538,42,7,1280.85,1
13539,85,3,631.34,1
13544,39,2,276.06,1
13546,11,3,621.09,1
13548,95,2,678.16,1
13549,25,7,918.2,1
13551,318,1,91.80000000000001,1
13552,65,12,3740.07,1
13555,73,4,4098.88,1
13557,27,2,584.0600000000001,1
13558,5,4,594.52,1
13560,6,1,171.42000000000002,1
13561,215,1,141.85999999999999,1
13562,81,3,1799.3300000000002,1
13563,83,2,777.53,1
13564,143,1,550.64,1
13565,18,2,240.22,1
13566,40,2,856.84,1
13568,172,1,187.05,1
13569,16,1,228.8,1
13570,242,1,239.49,1
13571,12,12,2088.94,1
13572,205,1,1384.25,1
13573,49,2,290.25,1
13575,22,5,732.07,1
13576,9,17,6368.1900000000005,1
13577,24,4,1687.6000000000001,1
13579,14,1,302.34000000000003,1
13581,308,1,118.0,1
13583,155,1,781.03,1
13584,306,1,142.4,1
13587,63,1,712.4,1
13588,15,9,2478.95,1
13589,14,2,379.65,1
13590,10,6,1981.92,1
13591,64,3,1117.13,1
13592,35,4,247.95999999999998,1
13593,107,5,2011.88,1
13594,52,1,396.97,1
13596,5,2,664.11,1
13598,46,1,160.04,1
13599,0,19,4797.08,1
13600,311,1,219.52,1
13601,44,2,693.32,1
13602,64,1,428.89,1
13603,25,1,164.34,1
13606,28,3,276.75,1
13607,39,1,675.51,1
13610,11,7,1082.33,1
13611,88,2,851.25,1
13614,23,4,1585.46,1
13615,318,1,417.69,1
13617,39,3,544.18,1
13618,173,1,177.34,1
13621,116,1,213.85,1
13623,30,5,727.74,1
13626,252,1,257.23,1
13627,58,4,1327.28,1
13629,22,11,7792.36,1
13630,4,7,2031.78,1
13631,99,11,3070.42,1
13632,24,5,2118.93,1
13634,32,5,1547.3600000000001,1
13635,67,1,1071.03,1
13636,36,5,949.12,1
13637,51,3,804.3,1
13638,15,1,122.64,1
13639,73,1,1033.34,1
13642,215,1,312.28,1
13643,30,3,519.44,1
13644,15,4,2624.26,1
13645,119,1,252.1,1
13647,9,4,1648.1200000000001,1
13649,256,1,148.8,1
13650,16,6,1836.3400000000001,1
13651,34,2,94.2,1
13652,45,2,786.28,1
13654,42,6,2707.33,1
13655,113,2,932.97,1
13656,164,2,379.65,1
13657,10,2,382.14,1
13658,9,5,2639.17,1
13659,205,2,1563.0,1
13662,85,3,881.26,1
13663,178,1,189.47,1
13666,59,3,84.65,1
13667,148,1,299.05,1
13668,2,20,6122.17,1
13669,50,2,218.55,1
13670,74,1,349.7,1
13672,300,2,186.39000000000001,1
13673,18,2,387.44,1
13675,150,2,486.82000000000005,1
13678,151,1,232.6,1
13680,0,4,3719.12,1
13681,17,4,827.83,1
13682,186,1,59.5,1
13684,285,1,65.13,1
13685,2,7,3119.44,1
13686,182,1,72.0,1
13689,62,1,910.0,1
13690,58,1,172.25,1
13692,24,3,1488.32,1
13694,3,48,62142.58,1
13695,30,15,2504.13,1
13697,38,1,151.3,1
13699,154,1,308.58000000000004,1
13700,25,10,2248.63,1
13703,317,1,99.5,1
13704,4,9,2308.06,1
13705,7,2,393.72,1
13706,302,1,330.79,1
13707,266,2,806.41,1
13708,270,1,285.33,1
13709,3,13,6307.650000000001,1
13710,31,1,180.48,1
13711,218,2,252.06,1
13712,246,1,228.84,1
13715,280,2,582.71,1
13716,268,1,138.28,1
13717,31,6,1445.01,1
13718,245,2,306.55,1
13719,14,5,1041.68,1
13720,116,4,799.9,1
13721,35,1,524.14,1
13722,131,3,2375.41,1
13723,216,1,199.85000000000002,1
13725,49,8,1980.56,1
13726,38,2,1079.66,1
13727,28,2,333.48,1
13728,36,6,1016.14,1
13730,135,2,752.6,1
13731,218,2,610.59,1
13732,27,1,491.86,1
13735,24,4,2883.54,1
13736,4,2,729.8,1
13737,199,1,339.6,1
13739,17,1,216.9,1
13740,240,1,350.75,1
13741,71,3,668.4300000000001,1
13742,16,12,3107.87,1
13743,2,7,1341.6,1
13744,94,2,1080.52,1
13745,161,1,300.04,1
13748,95,4,744.25,1
13750,53,5,1647.26,1
13751,287,1,296.25,1
13752,123,6,1175.38,1
13753,287,1,741.26,1
13754,151,2,282.6,1
13755,3,9,2106.81,1
13756,1,11,4185.12,1
13758,11,5,2471.7,1
13759,32,2,659.4100000000001,1
13760,53,2,286.79,1
13761,49,2,1070.65,1
13762,218,1,306.72,1
13763,62,1,1714.96,1
13764,70,3,1519.42,1
13767,1,31,14781.0,1
13769,1,9,2474.21,1
13771,63,4,2634.45,1
13772,33,3,1122.63,1
13774,81,1,345.0,1
13777,0,23,19015.38,1
13778,102,1,178.7,1
13780,6,2,360.01,1
13781,250,1,127.84,1
13782,12,6,908.86,1
13784,9,11,2462.79,1
13787,75,1,202.64,1
13790,3,1,348.79999999999995,1
13791,127,2,1516.0,1
13792,65,2,195.55,1
13798,0,55,32983.19,1
13799,116,2,688.86,1
13800,309,1,558.32,1
13801,66,1,324.8,1
13802,138,3,4599.42,1
13803,254,1,277.07,1
13804,30,7,2588.39,1
13805,51,2,924.5999999999999,1
13806,63,1,256.38,1
13808,5,5,1747.66,1
13809,304,1,155.05,1
13810,28,3,1499.01,1
13811,183,3,814.5,1
13812,41,3,539.0,1
13813,39,4,1366.8600000000001,1
13814,91,2,1579.12,1
13815,21,4,4027.36,1
13816,23,2,571.6700000000001,1
13817,28,1,254.28,1
13819,301,3,1140.35,1
13821,144,2,385.64,1
13822,5,2,632.0,1
13823,18,2,957.66,1
13824,32,5,1698.94,1
13826,175,1,189.5,1
13827,57,3,409.8,1
13828,21,1,209.49,1
13831,15,5,1790.4499999999998,1
13832,18,1,52.2,1
13833,158,1,383.85,1
13835,24,4,834.57,1
13837,211,2,266.59000000000003,1
13838,5,3,444.16,1
13841,252,1,85.0,1
13842,58,8,3075.05,1
13844,10,1,361.62,1
13845,64,1,312.98,1
13846,24,2,453.66,1
13848,91,2,935.0,1
13849,51,2,1537.95,1
13850,128,1,1595.48,1
13851,95,3,2651.46,1
13853,56,1,1090.1399999999999,1
13854,8,23,7500.08,1
13856,168,3,388.5,1
13858,56,1,216.17000000000002,1
13859,325,1,201.16,1
13860,0,5,1245.9,1
13862,17,8,2209.36,1
13863,247,1,305.78,1
13865,57,4,501.56,1
13866,73,1,145.67,1
13867,30,3,1005.09,1
13868,6,2,3192.54,1
13869,122,3,2760.03,1
13870,1,8,2770.94,1
13871,22,13,6403.25,1
13873,119,3,389.6,1
13875,53,5,1786.79,1
13876,63,1,122.7,1
13877,85,1,117.24,1
13878,54,1,1271.57,1
13880,20,12,3121.97,1
13881,3,20,17159.52,1
13882,2,5,1191.13,1
13883,10,5,2674.48,1
13884,6,5,787.6,1
13885,188,2,506.8,1
13886,70,1,243.56,1
13887,203,1,349.55,1
13888,119,2,595.67,1
13889,92,1,416.90000000000003,1
13890,0,9,1693.46,1
13892,26,4,632.97,1
13893,297,1,821.1,1
13894,23,3,564.62,1
13895,27,4,2593.07,1
13897,49,1,311.16,1
13898,325,1,155.93,1
13899,15,2,388.52,1
13900,182,3,740.95,1
13901,71,5,2867.2000000000003,1
13904,36,2,332.64,1
13908,79,4,2369.55,1
13911,56,9,2580.91,1
13914,11,2,626.45,1
13917,49,2,272.04,1
13918,49,2,1212.8400000000001,1
13919,58,2,384.81,1
13923,53,1,351.13,1
13924,1,6,1838.8500000000001,1
13925,92,4,678.25,1
13926,22,1,223.85000000000002,1
13927,74,1,348.99,1
13928,10,4,464.57,1
13929,168,2,842.65,1
13930,57,2,337.34,1
13931,95,2,1237.53,1
13932,294,1,307.4,1
13933,108,2,608.79,1
13934,263,1,922.1,1
13936,179,1,376.58,1
13937,168,1,158.85,1
13938,34,1,71.66,1
13939,22,3,568.55,1
13940,16,4,839.14,1
13941,21,4,4017.84,1
13946,78,3,561.57,1
13947,64,1,90.60000000000001,1
13949,2,6,2427.32,1
13950,10,4,745.0600000000001,1
13951,175,3,674.45,1
13952,217,2,3251.071,1
13953,6,6,3015.68,1
13954,1,2,439.92,1
13955,153,2,322.96,1
13956,4,5,1019.27,1
13959,78,2,379.3,1
13960,20,2,230.22,1
13962,21,2,169.54999999999998,1
13963,307,3,513.24,1
13967,145,1,80.7,1
13969,6,17,8706.58,1
13971,18,8,2758.26,1
13972,70,2,190.25,1
13973,286,1,264.7,1
13974,48,1,413.59000000000003,1
13975,30,6,2461.2400000000002,1
13976,206,1,357.98,1
13978,14,2,196.79,1
13979,72,1,869.87,1
13980,59,1,200.14,1
13982,38,3,1443.21,1
13983,29,11,2274.07,1
13984,26,4,765.71,1
13985,3,15,7060.13,1
13986,16,1,320.46,1
13988,19,6,4147.96,1
13989,65,2,1266.08,1
13990,212,1,311.3,1
13991,11,6,852.88,1
13992,29,1,76.8,1
13993,42,9,3466.36,1
13994,3,6,2274.14,1
13995,14,5,1393.69,1
13999,9,11,3599.71,1
14000,210,1,635.66,1
14001,45,2,1741.8400000000001,1
14002,133,2,529.73,1
14004,42,7,4582.64,1
14005,9,5,2874.72,1
14006,115,3,962.19,1
14009,197,2,695.61,1
14012,277,1,328.8,1
14013,109,3,473.02,1
14014,76,1,505.18,1
14015,52,1,917.34,1
14016,161,3,3587.47,1
14019,46,3,1421.6100000000001,1
14020,16,2,642.8,1
14021,154,3,631.9,1
14022,224,1,440.0,1
14023,6,2,584.07,1
14024,121,2,327.7,1
14027,60,1,104.82,1
14029,62,2,467.66,1
14030,17,6,1682.34,1
14031,6,16,14717.91,1
14032,1,9,2356.17,1
14034,21,3,648.89,1
14035,28,5,1428.02,1
14036,284,1,626.65,1
14037,175,1,35.400000000000006,1
14038,77,3,1560.38,1
14039,32,1,152.2,1
14040,40,12,3560.32,1
14041,265,1,141.41,1
14044,26,4,646.42,1
14045,108,3,1333.35,1
14046,283,1,154.99,1
14047,8,4,1021.69,1
14048,304,1,409.93,1
14049,16,4,5578.72,1
14050,31,2,746.36,1
14051,0,20,13782.23,1
14052,19,1,225.35999999999999,1
14053,123,2,260.25,1
14054,64,1,92.46000000000001,1
14055,105,1,725.6400000000001,1
14056,0,23,8152.71,1
14057,23,15,5285.74,1
14059,266,1,183.6,1
14060,4,16,5266.38,1
14062,9,9,9020.73,1
14064,28,5,1334.34,1
14066,266,1,152.55,1
14067,63,2,374.7,1
14068,319,1,265.85,1
14071,3,8,1437.57,1
14073,31,1,151.04,1
14075,4,3,942.26,1
14076,128,1,118.67,1
14077,40,5,499.42,1
14078,101,5,913.1299999999999,1
14079,124,1,375.1,1
14080,32,1,45.599999999999994,1
14081,301,1,498.1,1
14083,3,6,558.54,1
14085,1,15,3255.8,1
14087,2,1,191.47,1
14088,9,13,50491.81,1
14089,56,1,158.75,1
14090,324,1,76.32000000000001,1
14092,7,12,3475.1800000000003,1
14093,11,1,433.86,1
14096,3,17,65164.79,1
14098,36,1,147.35,1
14099,15,10,2720.65,1
14100,137,1,191.95,1
14101,73,6,5976.79,1
14102,4,5,1105.8799999999999,1
14104,154,2,216.21,1
14105,238,1,1266.23,1
14107,51,6,2339.9900000000002,1
14108,30,2,597.91,1
14109,72,1,144.2,1
14110,3,12,5683.15,1
14111,13,4,692.85,1
14112,22,7,2915.15,1
14113,3,3,1406.92,1
14114,273,2,386.53,1
14116,19,5,1382.74,1
14117,143,1,90.0,1
14121,3,4,2780.15,1
14124,83,1,419.58,1
14125,10,3,2720.63,1
14126,7,3,706.1300000000001,1
14127,122,3,709.71,1
14128,60,2,637.5,1
14129,1,5,1123.8600000000001,1
14130,318,1,480.91,1
14132,1,11,3586.03,1
14133,129,3,605.64,1
14135,1,11,3743.26,1
14138,1,2,965.88,1
14139,45,1,415.82,1
14140,3,2,935.05,1
14141,2,4,915.13,1
14143,133,1,115.8,1
14145,46,4,3742.2,1
14146,8,4,2949.57,1
14147,77,2,483.4,1
14148,233,1,157.2,1
14149,220,1,446.62,1
14150,35,1,352.46,1
14152,74,2,621.29,1
14154,238,2,1345.62,1
14155,265,1,118.75,1
14156,9,54,116887.88,1
14157,19,2,424.89000000000004,1
14158,39,1,507.65999999999997,1
14159,19,10,4440.43,1
14161,215,2,814.47,1
14162,173,2,289.36,1
14163,86,4,2445.91,1
14164,70,2,1631.77,1
14165,275,1,120.44,1
14167,38,4,562.59,1
14171,97,1,363.79,1
14173,10,4,450.84,1
14174,32,1,134.46,1
14175,59,3,3222.3,1
14176,296,3,417.35,1
14177,85,4,549.46,1
14178,8,7,1600.26,1
14179,40,2,701.57,1
14180,10,21,3852.27,1
14184,66,1,452.89,1
14185,330,1,197.65,1
14188,30,6,2054.36,1
14189,1,14,4342.84,1
14191,1,13,4684.76,1
14193,67,2,853.39,1
14194,4,21,11349.52,1
14195,201,2,1012.0,1
14196,106,1,335.52,1
14198,17,4,701.4,1
14199,217,1,185.39999999999998,1
14201,59,6,680.2,1
14204,1,1,150.61,1
14205,16,2,466.7,1
14206,238,1,328.15999999999997,1
14208,94,1,151.74,1
14209,10,6,2073.43,1
14210,105,5,1592.49,1
14211,52,9,2241.1,1
14212,89,1,1070.48,1
14214,30,5,1004.38,1
14215,11,5,1623.72,1
14216,2,4,1839.3,1
14217,1,16,1886.68,1
14218,42,1,169.48000000000002,1
14219,3,1,89.94,1
14220,246,1,319.42,1
14221,41,9,3432.8,1
14222,176,1,683.17,1
14223,91,3,991.13,1
14224,109,4,1009.73,1
14226,28,5,2214.79,1
14227,25,10,3350.96,1
14229,51,3,1547.2,1
14231,183,3,925.71,1
14232,42,5,2048.07,1
14233,48,4,1462.72,1
14234,21,4,754.12,1
14235,74,5,3144.86,1
14236,80,1,301.56,1
14238,325,1,146.85,1
14239,42,11,2380.85,1
14240,29,2,890.34,1
14241,183,1,213.70000000000002,1
14242,234,2,280.55,1
14243,8,8,2116.77,1
14245,219,2,1693.45,1
14246,110,3,1474.06,1
14247,277,1,136.77,1
14248,317,1,302.58,1
14250,6,3,1904.05,1
14251,1,5,2879.7000000000003,1
14256,259,1,445.20000000000005,1
14257,63,5,3099.7200000000003,1
14258,8,9,12669.98,1
14259,141,1,120.0,1
14261,50,2,1163.45,1
14262,7,8,2618.23,1
14264,154,2,333.97,1
14265,108,2,530.18,1
14267,162,3,1516.24,1
14270,331,1,492.65000000000003,1
14271,225,1,112.32000000000001,1
14272,73,2,437.96,1
14273,50,4,559.97,1
14276,98,3,1119.74,1
14277,14,3,4188.0,1
14280,196,1,134.04,1
14282,2,14,3130.44,1
14284,30,2,595.25,1
14285,20,4,1910.01,1
14286,23,3,4628.75,1
14287,7,3,176.63,1
14288,212,1,426.6,1
14289,8,6,911.26,1
14290,10,4,1537.09,1
14291,1,11,3883.25,1
14292,7,9,4871.93,1
14293,2,3,681.64,1
14295,39,1,166.20000000000002,1
14297,17,4,1305.33,1
14298,7,39,46821.04,1
14299,7,8,3536.38,1
14300,18,1,43.2,1
14301,116,1,640.14,1
14304,222,1,383.45,1
14305,70,3,1858.96,1
14306,50,2,2093.32,1
14307,88,5,2212.61,1
14309,7,8,2204.78,1
14311,242,1,310.26,1
14312,46,6,1611.5900000000001,1
14314,106,1,120.0,1
14315,44,6,2481.13,1
14317,64,1,508.58,1
14320,206,2,477.79,1
14321,10,5,1530.75,1
14323,114,2,605.0600000000001,1
14326,241,1,183.85,1
14327,162,1,311.65000000000003,1
14329,16,7,4975.24,1
14331,123,2,462.66,1
14332,22,3,840.21,1
14333,67,1,415.2,1
14334,16,7,2232.06,1
14335,15,2,454.86,1
14336,16,4,1614.91,1
14338,160,2,588.22,1
14339,242,1,309.52000000000004,1
14340,218,1,134.7,1
14341,44,8,2166.98,1
14342,20,4,668.5600000000001,1
14344,126,5,534.28,1
14345,38,1,108.98,1
14346,120,2,1021.58,1
14348,259,1,409.57,1
14349,9,1,133.5,1
14350,273,1,282.93,1
14351,164,1,51.0,1
14352,156,4,1078.96,1
14353,214,1,90.6,1
14354,5,2,163.62,1
14356,79,2,701.23,1
14357,42,1,225.12,1
14359,18,3,912.1800000000001,1
14360,31,4,2118.03,1
14362,21,1,151.5,1
14364,108,8,3717.35,1
14367,7,16,9227.82,1
14368,319,1,155.0,1
14371,294,1,100.5,1
14375,184,1,235.56,1
14377,190,2,617.05,1
14379,43,2,348.1,1
14381,51,1,202.68,1
14382,25,1,615.49,1
14383,37,3,1247.69,1
14385,8,3,202.10999999999999,1
14386,296,1,142.4,1
14387,32,3,1727.6,1
14388,9,7,2900.04,1
14389,64,2,1043.46,1
14390,9,8,4418.87,1
14393,217,1,67.95,1
14395,1,8,3171.23,1
14396,64,1,377.64,1
14397,2,19,2612.96,1
14400,148,1,574.7,1
14401,3,12,3804.1,1
14403,129,4,1475.81,1
14404,33,5,1320.09,1
14406,118,1,156.75,1
14407,106,6,2157.73,1
14408,10,7,2599.03,1
14409,70,4,1730.65,1
14410,91,9,1100.27,1
14411,310,1,1063.0,1
14412,42,2,770.03,1
14414,91,6,1279.78,1
14415,0,12,5002.89,1
14416,21,2,490.22,1
14418,3,3,1937.25,1
14419,10,5,927.69,1
14420,98,1,387.52,1
14421,56,2,813.11,1
14422,0,6,4263.64,1
14423,217,1,265.2,1
14424,17,1,322.08,1
14426,23,10,4481.67,1
14427,49,2,363.34000000000003,1
14428,6,5,1224.06,1
14431,302,1,470.36,1
14432,9,6,2248.5,1
14434,21,6,1372.8,1
14436,98,1,89.06,1
14438,305,1,131.9,1
14439,319,1,2661.24,1
14440,7,4,1700.98,1
14441,0,4,1712.89,1
14442,204,2,1589.82,1
14443,53,3,1116.7,1
14446,0,4,1010.35,1
14447,18,5,1163.23,1
14448,8,1,273.0,1
14449,18,3,675.56,1
14450,180,3,483.25,1
14451,59,2,643.9,1
14452,10,2,259.05,1
14453,189,1,119.93,1
14456,4,9,3017.28,1
14457,310,1,113.64,1
14459,154,1,1837.92,1
14460,109,3,434.34,1
14461,147,3,2103.06,1
14462,65,11,1980.57,1
14463,97,3,529.62,1
14465,246,3,1038.44,1
14466,28,6,1892.65,1
14467,17,4,596.26,1
14470,11,2,461.19,1
14472,103,7,1606.29,1
14473,73,2,234.34,1
14474,45,1,547.66,1
14475,71,3,925.85,1
14476,256,1,193.0,1
14477,19,4,1309.6,1
14479,253,1,141.85,1
14480,10,1,279.05,1
14481,164,2,636.51,1
14482,17,6,2022.81,1
14483,281,1,137.1,1
14484,49,1,321.92,1
14485,38,1,162.8,1
14487,26,5,1040.38,1
14488,67,1,1064.28,1
14489,206,1,463.38,1
14491,174,1,213.73,1
14493,6,5,2383.2400000000002,1
14494,25,1,139.56,1
14495,50,2,123.80000000000001,1
14496,311,1,234.47,1
14497,308,1,475.37,1
14498,42,4,1791.1,1
14499,25,3,808.44,1
14500,87,3,356.85,1
14501,183,2,251.21,1
14502,19,11,2429.83,1
14503,2,6,3543.26,1
14504,46,4,673.26,1
14505,16,7,4820.83,1
14506,16,4,1703.65,1
14507,23,6,1367.88,1
14508,21,2,268.05,1
14511,10,5,1314.81,1
14512,187,2,275.28,1
14513,100,3,455.59000000000003,1
14514,60,3,990.2,1
14515,17,6,2076.89,1
14517,32,2,330.45,1
14518,63,1,174.37,1
14520,1,2,270.6,1
14522,23,4,974.54,1
14523,107,1,241.09,1
14524,31,8,1568.38,1
14525,19,8,3753.6,1
14527,2,51,7581.64,1
14528,36,1,364.21999999999997,1
14529,59,3,578.61,1
14530,25,6,2862.11,1
14532,235,3,710.25,1
14533,24,6,1516.22,1
14534,2,18,4397.3,1
14535,59,3,2854.84,1
14536,259,1,170.95,1
14537,57,1,355.56,1
14538,64,2,388.25,1
14539,15,2,537.48,1
14540,9,3,952.66,1
14541,58,8,1453.35,1
14542,185,1,103.25,1
14543,28,15,3345.33,1
14544,23,1,902.53,1
14546,4,5,2573.93,1
14547,3,8,3974.75,1
14548,150,2,652.8,1
14549,310,1,289.24,1
14550,10,2,757.37,1
14551,17,2,186.23,1
14552,151,1,164.22,1
14553,18,5,859.27,1
14554,9,4,2279.4900000000002,1
14555,56,2,312.54,1
14557,84,1,788.38,1
14560,6,21,1829.6,1
14561,75,3,1080.76,1
14562,3,18,5006.77,1
14565,95,3,1931.71,1
14566,110,1,1432.0,1
14567,56,2,1530.3600000000001,1
14569,0,1,227.39,1
14570,280,2,218.06,1
14572,2,7,2804.54,1
14573,179,8,1237.82,1
14577,12,3,512.8100000000001,1
14578,2,1,168.63,1
14581,16,1,138.6,1
14582,40,1,114.11,1
14583,5,5,986.96,1
14584,168,4,1033.06,1
14585,49,1,157.05,1
14586,276,1,237.35999999999999,1
14587,18,9,1580.29,1
14591,14,4,1320.21,1
14592,34,3,557.94,1
14593,21,3,617.15,1
14594,6,1,108.33,1
14595,19,6,1740.6000000000001,1
14597,10,2,866.24,1
14598,43,1,221.97,1
14600,305,1,393.33000000000004,1
14601,10,1,213.96,1
14603,274,1,660.0,1
14606,0,85,10842.39,1
14607,15,14,16209.5,1
14608,3,3,1581.15,1
14609,71,4,601.56,1
14616,242,3,406.08000000000004,1
14618,8,3,553.44,1
14619,245,1,394.44,1
14620,205,2,412.78000000000003,1
14621,0,4,1482.66,1
14622,184,1,320.58000000000004,1
14623,31,5,886.7,1
14624,56,2,225.85,1
14625,195,1,314.1,1
14626,23,4,2791.27,1
14628,90,2,671.96,1
14629,3,2,955.26,1
14631,50,3,1006.98,1
14632,262,1,114.56,1
14633,265,1,344.90000000000003,1
14636,35,2,609.85,1
14638,50,1,443.6,1
14639,51,5,2307.95,1
14640,23,6,2107.38,1
14641,21,1,110.46000000000001,1
14642,58,1,96.12,1
14643,169,1,335.87,1
14644,67,2,830.76,1
14645,156,2,597.09,1
14646,1,71,271614.14,1
14647,200,1,236.04000000000002,1
14649,4,4,1402.59,1
14651,66,2,653.75,1
14652,76,1,114.18,1
14653,0,7,1926.65,1
14655,7,4,1932.23,1
14656,168,2,291.05,1
14657,17,4,848.22,1
14658,4,2,247.15,1
14659,8,9,2529.93,1
14660,86,2,285.74,1
14661,26,1,107.95,1
14662,28,4,741.37,1
14664,19,2,636.24,1
14665,60,5,1835.7,1
14666,23,1,195.25,1
14667,10,20,7203.0,1
14669,241,3,1259.24,1
14670,279,2,392.86,1
14672,234,2,765.5500000000001,1
14673,2,4,1362.91,1
14675,15,1,596.36,1
14676,30,6,2548.2400000000002,1
14680,24,14,25878.71,1
14681,70,3,498.95,1
14682,187,2,52.0,1
14684,25,4,1033.15,1
14687,106,1,628.38,1
14688,7,20,5134.12,1
14689,208,1,112.80000000000001,1
14690,43,2,355.05,1
14691,30,5,2114.33,1
14692,136,4,591.55,1
14693,264,1,172.9,1
14696,3,6,1784.33,1
14697,217,2,188.61,1
14698,1,5,1217.27,1
14699,213,1,109.13000000000001,1
14700,31,3,2195.1,1
14701,10,9,2526.09,1
14702,0,16,2941.34,1
14703,14,1,318.17,1
14704,10,9,1493.96,1
14705,198,1,179.0,1
14708,2,2,707.3100000000001,1
14709,14,12,4606.9400000000005,1
14710,13,4,599.48,1
14711,9,11,2839.62,1
14712,28,3,917.07,1
14713,8,9,2236.35,1
14714,23,1,160.19,1
14715,24,4,867.38,1
14716,42,2,307.51,1
14719,1,5,1581.84,1
14720,5,3,663.81,1
14722,146,1,180.42,1
14723,9,3,666.71,1
14725,24,1,655.58,1
14727,273,1,268.58,1
14730,0,8,1897.57,1
14731,46,3,380.02,1
14732,7,8,2702.4900000000002,1
14733,15,9,5228.6900000000005,1
14735,3,31,5813.49,1
14737,3,2,730.55,1
14738,42,7,1314.45,1
14739,3,6,3188.4,1
14740,196,3,1448.21,1
14741,11,4,905.04,1
14744,15,6,874.98,1
14745,112,5,1220.26,1
14747,248,1,328.2,1
14748,28,3,945.33,1
14752,43,1,389.64000000000004,1
14753,86,1,563.15,1
14754,44,2,638.05,1
14755,9,11,5010.28,1
14756,14,1,738.96,1
14757,74,1,420.5,1
14758,144,4,1484.06,1
14759,4,3,1625.97,1
14760,296,1,89.2,1
14761,58,2,255.9,1
14762,263,1,300.52,1
14764,46,1,278.3,1
14765,28,3,254.11,1
14766,7,5,2292.97,1
14768,16,2,192.60000000000002,1
14769,2,7,10069.97,1
14770,231,2,876.4200000000001,1
14772,111,1,139.26,1
14775,57,2,605.34,1
14776,50,11,2538.2999999999997,1
14778,126,2,730.86,1
14779,280,3,386.15,1
14780,54,2,447.68,1
14782,319,1,200.10000000000002,1
14784,25,2,289.99,1
14785,9,2,77.4,1
14788,6,2,679.44,1
14789,28,1,197.64,1
14790,16,4,745.06,1
14792,63,1,6.2,1
14793,20,1,228.99,1
14794,2,7,1319.91,1
14795,165,1,131.45000000000002,1
14796,0,15,6946.67,1
14798,52,3,173.74,1
14799,50,1,157.7,1
14800,47,10,3111.94,1
14801,60,1,189.34,1
14803,161,3,845.5500000000001,1
14804,8,1,353.27,1
14805,14,4,546.4,1
14806,74,1,193.39000000000001,1
14808,39,8,2718.6,1
14810,40,10,1907.44,1
14815,36,2,778.5,1
14816,196,1,271.85,1
14817,199,2,1110.34,1
14818,73,3,657.8,1
14819,63,2,272.07,1
14820,20,4,507.29,1
14823,179,3,321.43,1
14824,9,4,1127.71,1
14825,3,10,1824.5800000000002,1
14828,196,3,2139.76,1
14829,28,2,312.22,1
14830,52,1,188.88,1
14834,17,6,1720.3,1
14836,9,3,102.45,1
14837,89,4,1649.5,1
14840,267,1,62.85,1
14841,52,5,2900.6,1
14842,43,4,2824.69,1
14844,63,4,3189.81,1
14847,148,1,309.40000000000003,1
14849,21,20,7363.650000000001,1
14850,311,1,325.75,1
14851,22,2,511.35,1
14852,57,6,2836.69,1
14853,23,2,475.8,1
14854,77,7,2740.03,1
14855,118,2,645.65,1
14856,35,3,1290.53,1
14857,59,2,1173.1200000000001,1
14859,12,4,1353.74,1
14860,18,1,170.32,1
14861,51,1,125.79,1
14862,25,2,841.2,1
14863,28,1,266.76,1
14865,6,1,15.0,1
14866,10,11,14286.220000000001,1
14867,185,3,710.28,1
14868,2,8,2953.59,1
14869,8,2,721.45,1
14870,261,1,327.25,1
14871,2,3,380.33,1
14873,209,1,519.68,1
14875,107,2,1465.32,1
14878,12,8,1154.08,1
14880,76,3,690.59,1
14881,19,1,255.4,1
14882,26,2,589.7,1
14883,18,6,761.59,1
14885,131,1,765.3199999999999,1
14886,252,1,364.8,1
14887,78,1,1862.0,1
14888,206,1,369.2,1
14889,335,1,135.9,1
14890,253,1,125.65,1
14891,147,2,554.38,1
14893,9,2,1237.8500000000001,1
14894,84,1,655.75,1
14895,7,20,11138.710000000001,1
14896,204,1,211.55,1
14897,7,4,1366.38,1
14898,22,5,1170.81,1
14901,10,6,924.24,1
14902,25,1,332.66,1
14903,20,5,2795.33,1
14904,1,2,1025.44,1
14905,157,2,616.15,1
14907,2,4,2540.4100000000003,1
14908,73,1,277.8,1
14910,2,4,434.35,1
14911,0,188,135973.23,1
14912,16,2,867.85,1
14913,35,3,926.5600000000001,1
14915,90,2,307.48,1
14916,70,4,1260.58,1
14918,115,2,1610.15,1
14920,212,2,977.77,1
14921,29,2,1316.07,1
14923,50,1,749.1,1
14924,245,1,310.05,1
14929,31,1,223.88,1
14930,108,3,2362.96,1
14931,4,5,1257.68,1
14934,81,2,1890.94,1
14935,296,1,1784.71,1
14936,33,8,8137.02,1
14937,56,3,1621.88,1
14944,29,12,5900.25,1
14946,13,1,100.9,1
14947,71,2,290.82,1
14948,22,6,1101.97,1
14950,18,1,371.2,1
14951,78,1,311.69,1
14952,59,10,7413.33,1
14953,24,1,285.67,1
14954,11,1,294.85,1
14957,252,1,58.49,1
14958,146,3,483.73,1
14959,63,4,695.42,1
14960,7,2,221.27,1
14961,10,7,5861.9800000000005,1
14962,270,1,126.7,1
14963,9,5,1472.34,1
14964,246,1,206.21,1
14965,95,2,596.09,1
14966,14,1,183.02,1
14967,49,1,463.8,1
14968,29,1,147.59,1
14970,67,4,1592.06,1
14971,34,3,1097.98,1
14972,127,1,114.77,1
14973,106,3,1314.45,1
14974,36,1,89.94,1
14975,56,1,279.94,1
14976,56,7,790.86,1
14978,71,5,1921.3700000000001,1
14981,245,1,102.12,1
14984,18,2,202.37,1
14985,197,1,172.24,1
14987,15,1,163.2,1
14988,211,1,334.54,1
14995,38,2,231.98000000000002,1
14997,45,3,546.1999999999999,1
14998,169,2,414.87,1
15000,47,1,490.52,1
15002,115,3,1010.11,1
15004,146,1,1220.77,1
15005,15,26,5824.96,1
15006,50,1,480.38,1
15007,158,1,156.91,1
15009,11,3,1259.43,1
15010,35,1,308.94,1
15012,53,1,216.48,1
15014,42,2,257.67,1
15016,172,1,170.04,1
15017,33,1,125.58,1
15018,38,2,384.96,1
15019,266,1,252.81,1
15021,8,8,1673.68,1
15022,11,4,852.39,1
15023,2,10,6291.01,1
15024,9,8,1145.21,1
15025,32,1,361.96,1
15026,79,3,469.0,1
15027,30,4,1066.15,1
15028,7,3,441.16,1
15030,71,2,518.28,1
15031,3,4,653.19,1
15032,255,1,2188.5,1
15033,4,10,2553.43,1
15034,15,7,3453.76,1
15035,89,1,252.73000000000002,1
15036,71,3,429.56,1
15038,58,5,566.86,1
15039,9,45,18474.93,1
15041,169,1,179.93,1
15042,198,1,135.93,1
15043,30,1,537.0,1
15044,18,13,5545.18,1
15045,151,2,735.66,1
15046,8,15,5090.42,1
15047,269,1,343.62,1
15048,64,3,282.3,1
15049,273,1,121.17000000000002,1
15050,24,3,1737.69,1
15051,22,3,1383.36,1
15052,318,1,207.73000000000002,1
15053,4,3,693.95,1
15054,11,2,302.1,1
15057,274,2,1489.5,1
15058,24,11,2102.54,1
15059,40,9,1337.72,1
15060,7,4,294.25,1
15061,3,36,34583.479999999996,1
15062,70,3,778.78,1
15063,212,1,370.79999999999995,1
15065,37,4,3158.13,1
15066,52,1,893.59,1
15067,77,3,1744.76,1
15068,45,2,553.36,1
15069,178,1,1109.53,1
15071,93,2,982.07,1
15073,9,3,1043.41,1
15074,104,1,735.67,1
15075,77,1,773.03,1
15076,172,1,880.85,1
15078,6,28,8924.460000000001,1
15079,212,3,753.6600000000001,1
15081,21,4,393.65000000000003,1
15083,256,1,88.2,1
15087,281,1,306.94,1
15088,20,2,1160.07,1
15089,9,6,2420.84,1
15090,307,1,381.32,1
15091,67,1,480.71,1
15092,214,2,457.81,1
15093,17,5,3973.29,1
15095,103,4,1370.6000000000001,1
15096,42,1,219.39000000000001,1
15097,3,1,248.08,1
15098,181,3,39916.5,1
15099,83,1,410.48,1
15100,333,1,175.2,1
15101,8,1,215.25,1
15103,30,2,703.36,1
15104,196,2,993.54,1
15105,17,7,2298.93,1
15106,17,5,1422.52,1
15107,310,4,142.45,1
15108,141,4,1300.25,1
15109,245,1,484.95,1
15110,23,4,996.1,1
15111,28,2,1278.98,1
15113,9,3,3509.43,1
15114,29,10,2760.56,1
15115,17,1,340.11,1
15116,17,4,1352.75,1
15117,14,5,1551.78,1
15118,133,1,244.8,1
15119,245,1,266.4,1
15120,133,1,358.82,1
15121,49,2,457.72,1
15122,113,3,1633.78,1
15123,6,2,2199.31,1
15124,22,2,184.19,1
15125,24,15,11528.48,1
15127,65,1,406.53000000000003,1
15128,59,4,1471.0,1
15129,49,11,3447.4,1
15130,169,1,330.11,1
15132,17,5,977.9300000000001,1
15133,127,3,982.42,1
15134,14,8,1387.99,1
15135,238,1,139.05,1
15136,2,4,1286.7,1
15139,239,2,178.96,1
15140,51,7,2354.25,1
15142,45,1,498.74,1
15143,225,1,259.45,1
15144,7,17,6580.4400000000005,1
15145,3,4,1194.73,1
15146,164,2,1327.16,1
15147,239,1,623.5,1
15148,10,1,301.29,1
15149,133,1,520.8000000000001,1
15150,16,10,5291.33,1
15152,9,13,4745.69,1
15153,30,1,329.25,1
15154,74,1,254.28,1
15156,0,3,961.49,1
15157,3,2,850.61,1
15158,44,1,401.40000000000003,1
15159,1,28,16780.03,1
15163,17,2,304.47,1
15164,68,3,824.58,1
15167,320,1,158.8,1
15168,25,1,106.56,1
15171,330,1,1289.5,1
15172,8,5,1624.05,1
15174,322,1,135.75,1
15175,71,1,224.14,1
15178,259,1,40.5,1
15179,17,5,2206.9500000000003,1
15181,65,3,689.48,1
15182,153,2,622.85,1
15184,28,2,402.2,1
15185,69,1,310.62,1
15186,13,2,411.41,1
15187,1,16,4777.18,1
15189,0,41,16225.39,1
15192,119,2,729.32,1
15193,60,1,499.32,1
15194,2,12,6057.54,1
15195,2,1,3861.0,1
15197,10,2,523.11,1
15198,91,2,193.64,1
15199,58,4,1268.7,1
15201,86,5,1236.54,1
15203,25,6,1827.8,1
15205,84,2,653.24,1
15206,9,4,420.3,1
15208,0,4,804.72,1
15210,224,1,331.18,1
15211,59,1,511.34000000000003,1
15212,240,1,101.8,1
15213,318,2,328.35,1
15214,1,8,1661.44,1
15215,46,3,734.94,1
15216,87,1,96.6,1
15218,10,11,5756.89,1
15219,175,1,305.75,1
15220,51,6,1778.96,1
15222,318,1,585.0,1
15223,225,2,755.75,1
15225,233,1,409.40000000000003,1
15226,310,1,154.41,1
15227,36,5,1219.4,1
15228,65,4,3386.71,1
15230,238,2,429.6,1
15232,112,2,612.06,1
15234,276,1,197.0,1
15235,217,9,1552.8700000000001,1
15236,298,1,321.05,1
15237,1,4,1412.32,1
15238,28,3,1071.99,1
15239,9,2,780.59,1
15240,44,5,1706.57,1
15241,66,8,1756.44,1
15243,73,1,316.68,1
15244,64,2,631.57,1
15245,133,3,2515.84,1
15246,237,1,328.15,1
15247,121,1,356.0,1
15249,31,13,6688.46,1
15251,8,11,10484.99,1
15252,35,2,740.78,1
15253,15,5,918.2,1
15254,126,1,300.36,1
15255,66,1,890.85,1
15256,148,1,98.45,1
15257,282,1,317.15,1
15258,168,2,623.16,1
15260,99,5,1390.27,1
15261,134,1,254.82,1
15262,323,1,178.95000000000002,1
15263,106,1,156.51,1
15264,63,1,393.74,1
15265,150,2,1506.1200000000001,1
15266,337,1,119.3,1
15267,21,5,1717.36,1
15269,23,1,408.8,1
15270,15,7,2379.49,1
15271,6,14,2381.59,1
15272,56,2,721.94,1
15274,3,2,716.57,1
15275,37,1,615.14,1
15276,65,1,128.63,1
15277,46,1,255.89999999999998,1
15280,171,1,113.12,1
15281,58,9,2332.15,1
15286,49,1,240.55,1
15287,21,2,486.69,1
15288,42,4,2140.87,1
15289,28,3,939.78,1
15290,4,17,7723.62,1
15291,25,13,4019.4,1
15292,200,1,178.39,1
15296,50,6,3672.86,1
15297,9,3,641.94,1
15298,1,11,4402.3,1
15299,66,4,2672.0,1
15300,63,1,496.44,1
15301,50,11,4376.58,1
15303,289,1,574.02,1
15304,60,7,571.25,1
15306,63,3,1174.3500000000001,1
15307,95,1,205.3,1
15308,273,1,310.47,1
15311,0,82,57972.74,1
15312,74,3,635.11,1
15313,109,1,52.0,1
15314,198,1,327.97,1
15315,63,2,570.5,1
15316,326,1,165.0,1
15318,3,1,312.62,1
15319,283,1,204.5,1
15320,43,1,267.13,1
15321,70,3,2748.31,1
15322,85,1,679.68,1
15325,103,1,161.74,1
15326,333,1,311.71,1
15327,52,1,208.75,1
15329,38,3,1049.7,1
15330,31,2,714.9599999999999,1
15333,207,1,1028.56,1
15334,156,3,350.82,1
15335,53,1,170.22,1
15339,65,2,574.07,1
15341,80,1,2020.52,1
15342,129,1,406.09000000000003,1
15343,86,1,364.5,1
15344,0,3,563.94,1
15345,45,1,393.54,1
15346,332,1,252.42000000000002,1
15348,71,1,158.04,1
15349,157,2,463.91,1
15351,11,6,1659.99,1
15353,254,1,458.47,1
15355,28,2,277.05,1
15356,30,8,2379.11,1
15358,4,20,7722.65,1
15360,39,1,427.93,1
15364,95,2,913.19,1
15365,25,7,2314.32,1
15366,74,1,496.97,1
15367,56,4,1877.5900000000001,1
15368,20,1,446.94000000000005,1
15370,40,7,2386.05,1
15372,136,1,2007.4,1
15373,7,10,1878.81,1
15374,128,1,168.0,1
15376,39,3,1221.56,1
15379,168,6,2211.83,1
15380,8,4,1460.1599999999999,1
15381,213,2,596.85,1
15382,14,6,5955.71,1
15384,169,1,338.84,1
15385,39,1,316.88,1
15386,185,1,394.14,1
15388,269,1,140.54,1
15389,171,1,500.0,1
15392,4,3,1196.55,1
15393,15,2,231.86,1
15394,9,3,1595.88,1
15395,325,1,107.45,1
15396,112,1,288.18,1
15397,289,1,94.0,1
15398,15,2,1345.53,1
15399,0,3,815.77,1
15400,91,5,716.2,1
15402,148,2,626.77,1
15405,188,1,349.1,1
15406,30,2,510.71000000000004,1
15407,33,4,1046.74,1
15408,263,1,267.18,1
15410,83,8,3450.84,1
15411,25,4,1348.93,1
15412,170,1,190.53,1
15414,9,3,774.9000000000001,1
15415,312,1,559.61,1
15416,64,4,3984.32,1
15417,84,1,508.8,1
15419,24,1,135.86,1
15421,58,4,950.36,1
15422,322,2,97.7,1
15423,37,1,43.5,1
15424,253,2,383.34,1
15426,18,4,1021.5,1
15427,32,3,1430.54,1
15428,14,1,93.78,1
15429,26,2,397.35,1
15432,22,1,171.19000000000003,1
15433,213,2,533.3,1
15434,7,5,1041.48,1
15435,21,1,149.29,1
15436,11,3,1067.75,1
15437,261,1,200.16,1
15438,130,1,156.57999999999998,1
15440,54,3,383.68,1
15442,248,1,594.0,1
15443,1,7,3213.59,1
15444,8,2,1411.21,1
15445,263,1,113.5,1
15447,330,1,155.17000000000002,1
15448,312,1,494.64,1
15449,25,3,974.52,1
15450,29,1,429.84,1
15452,29,3,528.48,1
15453,1,7,1371.77,1
15456,282,2,203.37,1
15457,261,1,237.07,1
15458,24,1,161.64,1
15462,93,3,234.6,1
15463,28,1,126.14,1
15464,337,1,1044.65,1
15465,19,16,6486.7699999999995,1
15466,84,1,334.53,1
15467,8,3,524.88,1
15468,50,2,467.51,1
15469,49,2,538.55,1
15471,1,1,454.48,1
15472,112,1,371.56,1
15473,13,7,1771.2,1
15475,76,1,454.11,1
15478,39,2,1399.92,1
15480,115,1,905.5,1
15482,15,10,10331.32,1
15483,160,4,225.26,1
15484,0,4,3590.41,1
15485,29,2,1624.91,1
15488,92,1,91.32000000000001,1
15489,22,3,1134.28,1
15491,94,6,3100.09,1
15492,27,2,659.46,1
15493,32,5,1953.41,1
15494,20,2,1280.58,1
15497,17,2,1262.2,1
15498,2,25,12339.68,1
15500,7,4,1131.56,1
15502,15,9,9455.53,1
15504,80,1,52.83,1
15505,52,5,3610.96,1
15506,22,3,972.08,1
15507,171,1,475.86,1
15508,188,6,1000.27,1
15510,330,1,250.0,1
15511,11,5,900.53,1
15512,155,1,19.8,1
15513,32,17,13444.72,1
15514,11,7,2199.01,1
15516,44,3,62.43,1
15517,232,1,267.03,1
15518,63,8,1921.55,1
15520,1,1,343.5,1
15521,39,8,3000.2,1
15522,32,2,397.99,1
15523,83,1,412.01000000000005,1
15524,24,1,440.0,1
15525,1,2,459.44,1
15526,32,2,148.44,1
15527,18,7,2207.13,1
15528,253,1,229.33,1
15529,22,9,3641.14,1
15530,21,4,1497.31,1
15531,7,2,1972.39,1
15532,24,3,1210.93,1
15533,18,3,807.57,1
15535,172,4,502.9,1
15537,162,1,110.92,1
15539,6,1,538.46,1
15540,10,1,213.3,1
15541,113,1,85.13000000000001,1
15543,287,1,127.86,1
15544,8,8,3192.17,1
15545,53,1,153.64000000000001,1
15547,6,13,4143.2300000000005,1
15549,76,3,1681.46,1
15550,3,4,575.63,1
15551,36,1,436.06,1
15552,216,1,90.12,1
15553,59,1,428.93,1
15554,277,1,217.2,1
15555,11,13,3805.04,1
15556,23,1,279.77,1
15557,28,1,468.91,1
15561,11,4,800.5899999999999,1
15563,21,3,1130.25,1
15565,49,2,173.16000000000003,1
15567,18,1,186.01,1
15568,2,3,758.29,1
15569,103,5,1375.71,1
15570,6,9,3100.88,1
15571,11,4,650.4300000000001,1
15572,4,7,2533.42,1
15573,31,2,591.1899999999999,1
15574,177,1,112.1,1
15576,37,1,921.37,1
15577,150,3,258.88,1
15578,161,1,127.1,1
15579,68,2,327.6,1
15581,120,9,3351.91,1
15582,24,3,682.9100000000001,1
15584,23,4,720.86,1
15585,176,1,455.3,1
15587,49,3,568.8,1
15589,255,3,478.53,1
15592,46,1,388.58,1
15593,70,1,199.8,1
15594,15,5,1771.78,1
15596,100,4,1004.27,1
15597,34,1,324.57,1
15598,52,1,240.68,1
15599,26,2,761.74,1
15601,10,12,5540.11,1
15602,7,7,1145.32,1
15603,78,1,48.480000000000004,1
15604,51,1,216.39000000000001,1
15605,35,4,1003.38,1
15606,60,9,2920.16,1
15607,336,1,104.76,1
15608,27,4,1093.68,1
15609,183,1,298.48,1
15610,51,1,112.46000000000001,1
15611,9,13,1591.45,1
15612,35,2,195.15,1
15615,9,20,9318.55,1
15618,32,4,776.851,1
15619,10,1,336.4,1
15620,56,2,1128.69,1
15621,3,4,1293.03,1
15622,42,9,3709.56,1
15623,140,1,301.03000000000003,1
15624,116,4,588.13,1
15625,103,4,1534.26,1
15626,74,2,675.8,1
15628,4,8,2551.06,1
15630,44,2,1186.35,1
15632,15,8,3285.31,1
15634,16,1,243.55,1
15636,89,2,724.76,1
15637,52,1,223.36,1
15639,133,1,425.32,1
15640,3,12,9704.37,1
15641,104,3,1578.83,1
15643,191,3,664.0,1
15644,165,4,803.54,1
15645,18,1,612.01,1
15646,157,2,257.84000000000003,1
15648,203,2,639.5,1
15649,335,1,306.0,1
15651,36,3,646.3,1
15652,90,1,337.74,1
15653,92,2,877.44,1
15654,8,2,922.53,1
15655,242,1,560.6700000000001,1
15656,44,4,748.5,1
15657,22,1,30.0,1
15658,189,4,717.9,1
15659,43,1,306.45,1
15660,24,8,1391.56,1
15661,316,2,309.8,1
15663,105,1,138.14,1
15664,50,1,386.43,1
15665,167,2,2222.21,1
15667,39,1,301.32000000000005,1
15668,217,1,76.32000000000001,1
15669,39,4,684.34,1
15670,296,1,173.05,1
15671,18,7,2657.13,1
15673,87,4,2726.23,1
15674,72,5,2446.6,1
15675,80,3,323.69,1
15676,18,3,3435.76,1
15677,48,1,657.23,1
15678,52,1,352.7,1
15679,23,4,781.28,1
15680,8,2,854.79,1
15681,24,5,1426.16,1
15683,116,1,193.75,1
15687,8,9,2993.1,1
15689,119,1,150.6,1
15690,3,2,239.76,1
15691,251,1,136.8,1
15692,27,1,191.04,1
15694,0,11,5632.07,1
15695,266,2,409.98,1
15696,32,8,2711.11,1
15699,17,1,309.65,1
15700,171,2,696.68,1
15701,1,4,1529.0,1
15703,264,1,211.5,1
15704,139,4,2293.62,1
15705,200,1,143.1,1
15706,63,4,1060.56,1
15707,34,4,916.98,1
15708,40,6,2917.96,1
15709,283,1,133.25,1
15712,8,5,1072.3600000000001,1
15713,142,1,185.55,1
15714,11,2,330.03000000000003,1
15716,145,3,571.71,1
15717,233,1,150.3,1
15719,32,13,5030.07,1
15720,23,1,598.73,1
15721,11,1,471.40000000000003,1
15722,35,5,2211.21,1
15724,200,2,218.25,1
15725,14,1,415.25,1
15727,16,6,3642.11,1
15729,212,1,85.0,1
15730,65,3,1120.88,1
15732,211,1,156.02,1
15733,282,1,162.3,1
15734,114,2,1339.45,1
15737,14,8,1188.1200000000001,1
15738,18,15,4482.77,1
15739,65,1,449.12,1
15740,48,1,154.88,1
15743,15,4,775.96,1
15744,77,1,34.8,1
15745,18,4,1094.5900000000001,1
15746,133,1,196.88,1
15747,12,3,946.64,1
15748,39,1,144.36,1
15749,234,3,44534.3,1
15750,2,6,2122.53,1
15752,39,6,2366.95,1
15753,304,1,79.2,1
15754,50,3,458.57,1
15755,9,6,2364.25,1
15756,60,4,528.01,1
15757,65,2,714.42,1
15758,24,1,205.25,1
15759,217,2,155.8,1
15762,64,2,583.75,1
15763,31,2,1086.92,1
15764,87,6,3279.9700000000003,1
15766,63,1,315.06,1
15768,115,3,621.83,1
15769,6,25,56160.92,1
15773,5,1,635.6800000000001,1
15774,68,1,270.8,1
15775,244,1,104.9,1
15776,132,1,241.62,1
15777,240,3,681.5600000000001,1
15780,183,2,298.13,1
15781,24,3,345.46000000000004,1
15782,9,3,2614.74,1
15783,10,1,246.3,1
15785,32,5,2328.9700000000003,1
15786,45,3,4919.0,1
15787,25,3,933.26,1
15790,9,1,218.75,1
15791,43,2,1612.69,1
15793,14,3,965.61,1
15795,149,1,610.01,1
15796,0,8,2708.61,1
15797,112,4,2207.4,1
15799,75,3,884.14,1
15800,106,2,696.89,1
15801,45,3,1063.95,1
15802,142,1,451.42,1
15803,50,1,415.82000000000005,1
15804,0,13,4206.39,1
15805,22,16,5117.38,1
15806,45,3,784.58,1
15807,49,3,903.9,1
15808,305,2,1469.82,1
15809,35,5,515.77,1
15810,78,4,1391.98,1
15811,21,4,1779.82,1
15812,106,5,1801.14,1
15813,207,2,1303.9099999999999,1
15814,16,4,1945.3300000000002,1
15815,63,5,2100.6,1
15819,48,4,1905.45,1
15820,319,1,206.98,1
15821,43,2,570.96,1
15822,2,1,445.27,1
15825,171,1,532.94,1
15826,55,3,1654.31,1
15827,72,12,1645.16,1
15829,98,2,636.14,1
15830,37,1,576.0,1
15831,57,3,794.64,1
15832,253,1,836.79,1
15834,69,4,2225.15,1
15835,43,4,954.09,1
15836,49,1,137.37,1
15837,64,1,391.98,1
15838,10,18,32685.58,1
15839,32,3,1048.49,1
15840,58,2,355.56,1
15841,72,4,1224.06,1
15843,303,1,118.95,1
15844,45,1,130.73999999999998,1
15845,17,8,3711.77,1
15847,37,2,389.27,1
15850,18,2,234.88,1
15852,186,2,160.71,1
15853,51,1,110.8,1
15854,3,11,2739.02,1
15855,136,5,712.24,1
15856,3,24,12862.33,1
15857,18,1,297.0,1
15858,15,4,1043.64,1
15860,40,7,862.5,1
15861,11,8,3146.92,1
15862,7,3,478.65000000000003,1
15863,25,2,68.84,1
15864,21,6,1936.32,1
15865,40,3,895.13,1
15866,100,1,211.89,1
15867,4,12,3254.17,1
15869,276,2,149.64,1
15870,32,1,351.44,1
15872,14,2,316.25,1
15874,63,7,4405.88,1
15877,1,2,490.33,1
15881,311,3,346.14,1
15882,198,2,145.04000000000002,1
15883,1,2,396.48,1
15885,92,3,379.35,1
15886,59,1,181.09,1
15888,80,1,168.31,1
15889,156,1,148.0,1
15891,226,1,511.68,1
15894,252,1,106.81,1
15895,149,1,179.17,1
15897,193,2,208.59,1
15898,0,3,867.19,1
15900,23,1,337.28000000000003,1
15901,16,3,351.73,1
15903,9,7,5126.76,1
15904,7,1,164.68,1
15906,19,7,1567.69,1
15907,3,3,882.72,1
15909,173,1,191.94,1
15910,0,8,1228.88,1
15912,177,2,264.62,1
15916,15,6,1270.41,1
15917,247,1,123.1,1
15918,190,2,334.23,1
15919,19,1,311.61,1
15920,153,4,167.5,1
15921,172,1,323.03000000000003,1
15925,193,1,207.15,1
15930,66,1,426.63,1
15932,3,8,2495.87,1
15933,20,3,1107.46,1
15935,238,2,416.86,1
15937,63,1,145.35000000000002,1
15938,111,5,404.58000000000004,1
15939,89,15,6115.01,1
15940,310,1,35.8,1
15942,133,1,337.44,1
15944,276,1,325.1,1
15947,82,1,1708.24,1
15948,7,2,955.24,1
15949,16,2,364.72,1
15950,31,3,1315.89,1
15951,8,2,708.22,1
15952,33,4,781.91,1
15953,14,7,1449.54,1
15955,23,13,3843.88,1
15957,31,1,428.89,1
15958,73,1,104.35,1
15963,19,2,470.76,1
15965,16,3,652.68,1
15967,22,2,397.68,1
15969,2,3,666.1,1
15970,303,1,314.09999999999997,1
15971,17,12,4199.85,1
15974,38,7,3442.15,1
15975,83,1,371.01,1
15976,164,2,427.64,1
15977,16,2,1054.73,1
15978,76,1,1098.78,1
15980,88,3,2398.86,1
15981,24,8,3408.48,1
15983,21,1,326.75,1
15984,2,9,2657.93,1
15985,122,2,1142.42,1
15986,29,1,168.12,1
15987,11,6,1319.29,1
15988,18,1,156.78,1
15990,43,2,792.11,1
15992,3,1,41.989999999999995,1
15993,8,7,2777.67,1
15994,54,1,414.27,1
15996,87,5,769.33,1
15998,36,4,2216.83,1
16000,2,3,12393.7,1
16003,29,4,1554.3700000000001,1
16005,11,4,578.71,1
16006,210,1,101.4,1
16007,47,4,1693.81,1
16008,23,3,478.78,1
16009,21,4,972.11,1
16010,245,2,282.3,1
16011,7,14,2954.36,1
16012,34,3,1415.29,1
16013,3,42,34157.6,1
16014,37,3,646.83,1
16015,3,3,704.55,1
16016,2,7,1102.49,1
16017,46,1,211.88,1
16018,38,2,408.9,1
16019,46,8,3567.14,1
16020,16,3,851.01,1
16022,259,1,602.63,1
16023,45,3,719.81,1
16024,11,1,251.03,1
16025,29,1,439.65999999999997,1
16026,42,1,236.09,1
16027,91,6,934.62,1
16029,38,57,67738.31999999999,1
16030,309,1,331.24,1
16031,91,2,547.9,1
16033,5,18,8471.08,1
16034,195,3,437.70000000000005,1
16036,86,2,758.9200000000001,1
16037,269,2,554.5600000000001,1
16038,7,3,471.78,1
16040,64,3,1313.55,1
16041,30,3,3166.4,1
16042,21,5,1177.47,1
16043,37,4,773.99,1
16045,119,4,1340.7,1
16049,39,3,1074.81,1
16050,173,1,137.9,1
16052,53,1,362.06,1
16053,32,2,1511.95,1
16054,144,1,783.9,1
16055,220,1,134.8,1
16056,44,1,650.75,1
16057,15,7,2263.12,1
16059,65,5,1334.91,1
16062,9,3,906.06,1
16063,259,1,335.32,1
16066,16,5,1521.04,1
16070,21,2,852.15,1
16071,44,1,326.24,1
16072,287,1,584.3199999999999,1
16073,296,1,122.4,1
16076,2,10,2234.73,1
16078,283,1,79.2,1
16079,16,3,1352.0,1
16080,81,2,217.16,1
16081,55,4,2641.82,1
16083,100,1,979.64,1
16084,298,1,436.18,1
16085,22,5,981.51,1
16086,58,4,944.13,1
16091,154,2,315.06,1
16092,114,3,817.86,1
16093,106,1,17.0,1
16094,11,4,1078.23,1
16096,263,1,320.62,1
16097,239,1,185.04999999999998,1
16098,87,6,1575.03,1
16099,49,3,731.9,1
16101,70,1,1290.7,1
16102,41,3,1842.14,1
16103,6,6,1429.64,1
16104,61,1,298.21,1
16105,248,1,336.96,1
16106,65,1,108.38,1
16107,17,7,3204.1600000000003,1
16108,84,1,842.5,1
16109,218,2,611.88,1
16110,44,3,1320.95,1
16112,142,4,195.74,1
16113,182,1,161.38,1
16114,170,1,135.75000000000003,1
16115,9,8,1660.8799999999999,1
16116,211,1,612.78,1
16117,189,1,232.21,1
16119,7,2,423.36,1
16120,58,4,1309.14,1
16121,56,2,854.66,1
16122,72,3,578.7,1
16123,51,1,307.78000000000003,1
16124,316,1,249.0,1
16126,28,4,6287.77,1
16127,38,1,656.25,1
16128,17,5,1880.22,1
16131,51,6,3506.54,1
16133,3,33,14589.04,1
16134,21,1,334.56,1
16135,262,1,517.55,1
16136,59,3,709.38,1
16139,18,3,635.4100000000001,1
16140,65,1,601.04,1
16141,87,1,620.4,1
16142,249,1,535.34,1
16143,2,4,1613.5900000000001,1
16144,246,1,175.2,1
16145,8,10,3496.71,1
16146,156,3,734.13,1
16147,133,1,375.0,1
16148,295,1,76.32000000000001,1
16149,4,2,280.52,1
16150,42,4,1659.6,1
16152,268,1,1829.04,1
16153,49,4,1609.22,1
16156,8,9,3092.04,1
16157,15,3,656.69,1
16159,281,1,348.2,1
16160,64,2,1025.44,1
16161,1,16,4957.37,1
16162,251,1,37.4,1
16163,231,1,415.00000000000006,1
16164,16,3,822.48,1
16168,10,26,3511.8,1
16169,7,4,1822.97,1
16170,50,6,1885.05,1
16171,58,1,73.19999999999999,1
16172,94,5,1140.21,1
16173,15,6,1418.32,1
16174,125,3,1009.55,1
16175,93,4,1037.5900000000001,1
16177,49,1,331.95,1
16178,137,1,197.9,1
16179,60,1,215.83,1
16180,99,8,10254.18,1
16181,72,1,305.54,1
16182,71,4,6617.65,1
16183,66,1,338.71000000000004,1
16184,63,6,1158.79,1
16185,16,2,529.41,1
16186,22,11,3699.2599999999998,1
16187,31,15,6911.4400000000005,1
16188,44,4,981.86,1
16189,15,2,215.48,1
16190,39,1,215.08,1
16191,2,11,4552.92,1
16193,236,1,314.45,1
16198,74,1,400.68100000000004,1
16200,3,2,1068.8700000000001,1
16201,2,4,1863.47,1
16203,58,3,422.2,1
16204,22,1,384.18,1
16205,30,4,757.63,1
16206,54,4,537.0600000000001,1
16207,24,1,394.38,1
16208,44,2,664.26,1
16209,88,5,2262.62,1
16210,1,14,14085.66,1
16211,88,1,547.02,1
16212,18,2,690.34,1
16213,78,1,159.0,1
16214,170,3,1062.75,1
16215,80,1,242.35,1
16216,266,1,914.9300000000001,1
16217,234,2,304.25,1
16218,29,6,2613.38,1
16221,36,2,694.12,1
16222,317,1,773.55,1
16224,56,4,1295.3,1
16225,44,5,1096.32,1
16226,202,3,255.12,1
16227,224,1,314.22,1
16229,86,2,1010.6,1
16230,189,2,542.03,1
16232,43,4,990.88,1
16233,70,2,389.28000000000003,1
16235,40,5,867.3100000000001,1
16236,77,1,432.2,1
16239,56,2,414.2,1
16240,23,2,3718.8,1
16241,9,12,2312.66,1
16242,7,7,3579.86,1
16243,33,2,409.1,1
16244,211,1,466.12,1
16245,23,3,1413.66,1
16247,169,1,114.56,1
16248,61,1,152.94,1
16249,52,5,1800.07,1
16250,260,1,163.3,1
16253,66,2,3683.86,1
16255,16,7,2245.66,1
16256,266,1,752.4300000000001,1
16257,176,1,46.95,1
16258,44,5,5203.51,1
16260,50,1,1035.45,1
16261,16,4,726.04,1
16265,8,7,4606.1900000000005,1
16266,73,7,861.89,1
16268,70,2,667.65,1
16271,2,4,1271.42,1
16272,116,1,411.7,1
16275,196,1,559.87,1
16276,176,1,810.6,1
16278,99,1,566.38,1
16279,20,3,1502.78,1
16281,71,1,2062.06,1
16282,339,1,168.3,1
16283,5,5,1570.81,1
16284,30,2,812.68,1
16287,169,1,142.5,1
16292,121,1,302.25,1
16293,21,9,1870.24,1
16295,9,4,1328.55,1
16297,268,1,301.9,1
16298,22,3,598.2,1
16302,126,1,233.22,1
16303,25,3,5360.63,1
16305,138,1,361.22,1
16306,213,5,564.17,1
16308,37,4,2560.0,1
16309,105,2,706.57,1
16311,17,2,616.26,1
16313,2,2,274.15000000000003,1
16315,330,1,226.37,1
16316,63,7,2630.69,1
16317,119,3,1341.65,1
16318,34,1,328.15000000000003,1
16319,217,1,404.40000000000003,1
16320,171,2,1038.46,1
16321,71,5,373.65000000000003,1
16322,0,2,326.75,1
16323,195,1,207.50000000000003,1
16324,127,3,408.59000000000003,1
16325,46,3,594.24,1
16326,5,14,3039.2200000000003,1
16327,13,5,3284.67,1
16330,17,3,251.91,1
16332,27,7,1582.8,1
16333,7,22,26626.8,1
16337,36,1,151.05,1
16338,156,1,214.8,1
16339,283,1,94.05,1
16340,106,1,534.31,1
16341,24,4,1971.8700000000001,1
16342,74,4,322.41,1
16343,15,2,328.58,1
16344,157,1,101.10000000000001,1
16345,43,1,565.46,1
16347,10,2,847.45,1
16348,31,7,1415.65,1
16349,290,1,53.5,1
16350,20,4,1116.47,1
16351,332,1,153.9,1
16352,17,2,494.44,1
16353,3,19,6165.71,1
16354,62,2,395.8,1
16356,197,3,211.77,1
16357,32,3,658.88,1
16358,0,4,2027.5,1
16359,6,9,1750.92,1
16360,4,6,3450.41,1
16361,9,4,891.21,1
16362,31,5,709.99,1
16363,52,1,109.36000000000001,1
16364,11,2,705.79,1
16365,17,7,1171.96,1
16366,18,1,327.3,1
16367,36,1,633.58,1
16368,1,2,479.91,1
16369,17,3,1545.41,1
16370,81,4,1301.91,1
16372,32,2,355.73,1
16374,65,2,466.73,1
16376,8,2,974.96,1
16377,266,1,676.2,1
16378,246,3,362.95,1
16379,3,4,2157.4,1
16380,60,1,1743.1499999999999,1
16383,74,2,643.76,1
16384,89,2,584.5,1
16385,59,2,407.66,1
16386,28,2,302.57,1
16387,322,1,94.36,1
16389,52,4,1382.0700000000002,1
16392,269,1,217.89000000000001,1
16393,1,11,2749.41,1
16394,56,5,1555.34,1
16395,60,5,1482.06,1
16398,153,2,1705.8,1
16399,18,2,408.02,1
16400,94,1,303.93,1
16401,0,12,4098.32,1
16402,264,1,87.8,1
16403,311,1,177.5,1
16404,69,1,443.05,1
16405,301,2,167.25,1
16406,18,1,154.35,1
16407,12,10,2079.68,1
16409,35,5,2022.98,1
16411,18,1,83.15,1
16412,53,1,135.99,1
16413,56,1,262.2,1
16414,21,2,126.25,1
16415,43,1,200.27,1
16416,26,3,1051.4,1
16418,44,3,631.12,1
16419,112,6,958.71,1
16422,16,48,32659.08,1
16423,24,1,346.12,1
16424,190,1,133.56,1
16425,301,1,302.7,1
16426,1,10,1862.51,1
16427,262,2,241.06,1
16429,105,1,284.55,1
16430,56,1,300.85,1
16431,212,3,623.28,1
16432,63,1,287.40000000000003,1
16433,27,1,184.26,1
16434,28,7,1511.8,1
16438,5,5,798.35,1
16440,7,5,3640.67,1
16441,66,2,381.2,1
16442,1,2,462.24,1
16444,45,4,654.67,1
16445,33,1,230.51,1
16446,0,2,168472.5,1
16447,135,1,255.91,1
16448,197,1,182.99,1
16449,197,2,707.69,1
16450,149,1,311.92,1
16451,87,1,266.97,1
16454,44,2,6.9,1
16455,63,4,1309.2,1
16456,98,4,1370.78,1
16457,217,1,208.36,1
16458,2,17,3288.84,1
16460,27,3,811.23,1
16461,177,1,142.92,1
16462,73,3,136.0,1
16463,20,4,1422.4,1
16464,19,3,1298.66,1
16466,33,7,1595.96,1
16468,73,1,74.9,1
16469,23,4,625.42,1
16470,51,3,536.4300000000001,1
16471,274,1,223.95000000000002,1
16473,164,3,316.11,1
16474,6,7,1810.65,1
16475,87,4,544.3,1
16477,63,5,1950.06,1
16478,24,3,331.0,1
16479,9,2,300.83,1
16480,75,1,769.29,1
16482,15,1,220.62,1
16483,191,1,139.35,1
16484,173,2,404.3,1
16485,76,1,363.65,1
16488,32,3,498.8,1
16491,46,1,731.5,1
16493,79,4,1351.63,1
16494,296,1,826.53,1
16495,2,3,648.26,1
16496,8,3,1599.52,1
16497,49,6,2965.69,1
16498,160,2,100.97,1
16500,4,6,400.86,1
16503,106,3,943.84,1
16504,24,1,465.88,1
16505,31,1,777.6,1
16506,19,2,90.30000000000001,1
16509,296,1,363.70000000000005,1
16511,21,3,918.33,1
16513,4,4,874.59,1
16515,51,5,1624.14,1
16516,29,1,101.69999999999999,1
16517,276,1,162.70000000000002,1
16518,60,2,484.32,1
16519,24,1,111.38,1
16520,185,2,720.8100000000001,1
16523,1,21,9408.470000000001,1
16525,1,24,12225.01,1
16526,171,1,290.36,1
16527,80,1,228.06,1
16528,3,1,244.41,1
16529,189,1,455.25,1
16531,21,6,1151.77,1
16532,17,3,6748.8,1
16533,18,3,1082.81,1
16535,4,1,593.75,1
16536,109,1,548.12,1
16539,2,2,641.56,1
16542,53,1,119.62,1
16545,164,1,339.3,1
16546,290,1,487.75,1
16549,9,10,4034.9,1
16550,108,4,1744.31,1
16551,95,3,922.12,1
16552,242,1,284.44,1
16553,162,10,4110.38,1
16554,41,3,837.1,1
16555,34,2,285.89,1
16556,66,6,3002.94,1
16557,23,2,281.85,1
16558,0,18,7457.9400000000005,1
16560,26,1,509.23,1
16561,5,2,511.12,1
16563,53,1,1077.74,1
16566,14,5,614.66,1
16567,193,2,865.6,1
16569,2,1,124.2,1
16570,14,10,3738.4,1
16571,26,3,1421.69,1
16572,126,3,1009.6,1
16573,84,2,663.61,1
16574,70,1,451.44,1
16581,182,1,105.84,1
16582,112,1,313.62,1
16584,79,2,936.08,1
16586,248,1,463.95,1
16587,231,1,225.15,1
16589,70,3,459.24,1
16591,68,1,213.5,1
16592,3,16,4113.68,1
16593,50,3,330.03,1
16594,74,1,181.09,1
16595,60,1,360.16,1
16596,15,1,129.5,1
16597,3,1,90.04,1
16598,285,1,145.05,1
16600,3,6,813.52,1
16601,40,1,242.7,1
16602,35,1,528.08,1
16603,74,2,482.47,1
16607,17,12,2692.89,1
16609,14,7,5493.46,1
16610,218,1,75.66,1
16611,185,1,129.49,1
16612,32,4,1187.66,1
16613,69,1,618.59,1
16614,182,1,506.19,1
16616,14,2,500.42,1
16617,235,1,151.85,1
16618,30,5,2647.59,1
16619,263,1,226.21,1
16620,3,2,178.96,1
16621,51,4,813.48,1
16623,245,1,129.45000000000002,1
16624,80,2,810.57,1
16625,274,1,333.08,1
16626,0,17,4413.1,1
16627,78,1,322.8,1
16628,29,5,2188.05,1
16629,73,2,408.63,1
16633,16,6,2883.1,1
16634,222,1,53.1,1
16637,31,4,1154.47,1
16638,22,8,1609.92,1
16639,30,3,1257.51,1
16641,105,1,231.1,1
16642,4,2,688.33,1
16643,245,1,487.51,1
16644,177,2,833.78,1
16647,169,2,214.06,1
16648,42,1,290.66,1
16650,71,1,518.42,1
16652,58,7,6773.97,1
16653,15,2,1212.66,1
16654,140,3,373.87,1
16655,17,6,3789.52,1
16656,21,14,8197.04,1
16657,9,4,874.43,1
16659,188,1,39.12,1
16660,15,4,1267.65,1
16666,18,1,118.98,1
16667,67,2,567.1800000000001,1
16668,14,6,306.72,1
16669,23,3,1348.88,1
16670,16,10,3692.29,1
16671,27,3,1692.27,1
16672,1,20,8134.9400000000005,1
16674,54,2,304.24,1
16676,33,4,1592.12,1
16678,2,12,3109.99,1
16680,42,1,183.7,1
16681,72,6,1770.3400000000001,1
16682,4,5,1028.0,1
16684,3,24,63540.16,1
16685,60,2,324.24,1
16686,46,6,2608.75,1
16688,0,4,1260.8600000000001,1
16689,75,2,422.6,1
16690,71,2,225.58,1
16692,255,2,1276.0,1
16693,68,2,477.86,1
16696,134,4,657.9,1
16697,240,1,112.75,1
16698,226,2,1998.0,1
16700,8,12,4739.61,1
16701,8,12,4921.54,1
16705,0,18,12903.27,1
16706,36,3,531.35,1
16708,45,1,656.63,1
16709,84,5,3029.87,1
16710,18,8,1948.07,1
16711,2,4,1436.83,1
16712,8,11,3611.31,1
16713,18,13,6152.24,1
16714,218,3,1129.06,1
16715,77,1,301.71999999999997,1
16716,266,2,901.2,1
16717,23,5,3535.83,1
16719,14,6,1339.49,1
16720,25,1,152.95,1
16721,261,1,292.47,1
16722,16,11,3931.29,1
16723,90,2,576.4,1
16725,301,4,437.82,1
16726,25,4,1229.17,1
16728,45,4,1048.28,1
16729,37,21,7199.08,1
16730,51,3,743.11,1
16732,31,1,603.75,1
16734,51,3,646.76,1
16735,78,5,2247.41,1
16737,52,1,417.6,1
16738,297,1,3.75,1
16739,176,1,323.0,1
16742,46,1,464.9,1
16743,28,6,1782.85,1
16744,10,7,1291.91,1
16745,86,17,7180.7,1
16746,4,17,6368.47,1
16747,37,2,836.0600000000001,1
16748,17,5,1515.9,1
16750,44,5,623.93,1
16751,30,1,1764.72,1
16753,57,1,223.92000000000002,1
16755,113,3,1475.43,1
16756,214,1,239.4,1
16757,318,1,106.83000000000001,1
16758,64,1,369.34000000000003,1
16759,7,3,789.79,1
16761,96,1,316.62,1
16762,19,3,1207.24,1
16763,198,1,611.8499999999999,1
16764,3,13,2790.9500000000003,1
16765,293,1,34.0,1
16766,272,2,1145.6,1
16767,30,11,5575.56,1
16768,47,3,478.09000000000003,1
16769,259,1,361.54,1
16770,57,3,494.90000000000003,1
16771,32,5,2242.61,1
16773,56,1,171.59,1
16774,67,4,661.52,1
16775,9,10,1459.61,1
16776,59,1,371.54,1
16777,79,2,222.62,1
16778,73,2,245.94,1
16779,1,20,9923.89,1
16780,99,2,422.24,1
16782,9,11,1701.91,1
16784,19,1,107.6,1
16788,122,2,594.39,1
16789,7,1,80.80000000000001,1
16790,3,6,1545.6200000000001,1
16791,28,7,1705.78,1
16792,281,2,110.38,1
16793,56,1,243.84,1
16794,0,10,1196.5,1
16796,88,1,305.62,1
16800,10,1,1162.65,1
16801,162,4,1594.23,1
16803,64,1,332.3,1
16804,22,3,536.99,1
16805,173,1,245.82,1
16806,102,4,762.16,1
16807,142,3,1121.59,1
16808,98,2,288.42,1
16809,22,5,914.69,1
16810,191,1,309.54,1
16811,4,2,547.07,1
16813,7,10,1649.68,1
16814,13,20,6143.41,1
16816,102,3,341.28000000000003,1
16817,2,7,1237.45,1
16818,10,11,3349.57,1
16820,95,1,497.61,1
16823,226,1,358.38,1
16824,15,2,460.64,1
16825,38,2,775.18,1
16826,50,1,341.7,1
16828,92,2,128.5,1
16829,156,1,197.22,1
16830,38,1,325.91,1
16832,183,3,199.15,1
16833,0,4,1106.53,1
16834,227,1,413.46,1
16835,127,1,99.1,1
16836,39,2,251.87,1
16837,30,11,3170.98,1
16838,196,2,588.85,1
16839,8,33,16042.11,1
16841,36,6,1869.82,1
16842,100,3,1264.19,1
16843,42,16,10196.57,1
16846,49,1,214.32,1
16847,42,1,193.44,1
16848,52,1,281.42,1
16849,186,1,124.57,1
16850,333,1,332.41,1
16851,3,3,342.45,1
16852,9,2,144.91,1
16855,23,2,328.40000000000003,1
16856,14,1,35.400000000000006,1
16859,144,2,747.81,1
16861,59,2,173.76,1
16863,30,1,338.55,1
16866,140,3,207.74,1
16869,22,4,817.12,1
16871,21,6,2812.34,1
16872,76,3,680.02,1
16873,4,5,4965.9800000000005,1
16875,66,5,2095.53,1
16877,11,6,846.62,1
16878,83,1,13.3,1
16880,30,7,1488.93,1
16881,66,1,432.0,1
16882,66,3,705.12,1
16883,186,1,144.45,1
16884,37,2,429.84,1
16885,14,2,272.46,1
16887,34,1,192.32999999999998,1
16889,194,3,1578.67,1
16891,1,4,525.17,1
16892,0,5,518.19,1
16895,64,1,202.27,1
16897,298,2,289.78,1
16898,25,2,388.95,1
16899,7,5,1100.51,1
16900,16,3,887.11,1
16902,115,1,1706.88,1
16903,28,1,363.2,1
16904,3,14,3311.3,1
16905,4,6,2783.2,1
16906,81,4,559.59,1
16907,28,4,748.84,1
16909,71,1,379.14,1
16910,3,8,1508.96,1
16912,28,11,2555.58,1
16913,289,1,113.44,1
16914,35,1,183.76,1
16915,8,6,621.6800000000001,1
16916,23,1,365.98,1
16917,276,1,391.52,1
16918,49,6,1068.82,1
16919,155,9,2052.2400000000002,1
16921,60,1,154.18,1
16923,11,18,6518.58,1
16924,20,3,829.89,1
16927,115,2,324.95,1
16928,79,16,2698.45,1
16929,3,7,1295.39,1
16930,25,3,378.89,1
16931,4,19,4190.21,1
16932,52,1,150.23000000000002,1
16933,0,2,563.23,1
16934,54,2,931.03,1
16936,25,1,261.9,1
16938,8,4,2711.6800000000003,1
16940,51,3,3049.88,1
16942,12,9,1904.99,1
16943,211,3,816.73,1
16945,21,18,4065.65,1
16947,235,1,406.48,1
16948,138,3,435.02,1
16949,3,6,1286.27,1
16950,56,2,1006.56,1
16951,134,3,1277.75,1
16952,108,2,167.61,1
16953,29,1,20.8,1
16954,0,8,1738.28,1
16955,184,2,329.57,1
16956,17,1,308.74,1
16957,238,2,416.64,1
16959,86,1,117.35000000000001,1
16960,38,3,507.05,1
16961,115,1,234.17000000000002,1
16963,186,1,110.55000000000001,1
16965,226,1,201.19,1
16966,7,7,2154.97,1
16967,188,1,319.02,1
16968,3,2,439.43,1
16969,38,3,650.41,1
16971,37,1,357.21,1
16976,266,1,251.51999999999998,1
16978,77,1,344.33,1
16979,3,6,1852.0,1
16980,254,2,1028.46,1
16982,60,1,384.06,1
16983,12,6,1742.38,1
16984,87,2,4459.52,1
16985,16,9,4530.8,1
16986,29,2,1873.2,1
16987,2,7,1616.8,1
16988,4,1,126.12,1
16989,6,6,1133.25,1
16990,218,1,179.0,1
16992,10,5,1614.31,1
16996,29,4,1329.42,1
16997,287,3,702.0,1
16998,149,4,295.0,1
16999,22,2,484.82,1
17001,0,10,3591.61,1
17002,85,3,1493.73,1
17004,45,2,1312.1399999999999,1
17006,4,4,781.78,1
17007,50,4,682.8100000000001,1
17010,17,1,195.36,1
17011,29,1,270.9,1
17014,7,3,583.4300000000001,1
17015,28,3,1838.61,1
17017,2,15,6336.62,1
17018,40,2,920.1,1
17019,10,3,899.26,1
17022,30,1,71.0,1
17024,44,3,95.85,1
17025,60,1,196.8,1
17026,184,1,121.68,1
17027,78,6,877.5600000000001,1
17029,110,2,716.0,1
17030,63,1,146.87,1
17031,11,2,380.35,1
17033,85,2,722.34,1
17034,15,3,745.52,1
17035,245,2,433.53000000000003,1
17037,87,1,1267.32,1
17038,29,1,112.4,1
17040,137,1,449.73,1
17041,26,2,766.99,1
17042,2,5,1036.58,1
17043,31,4,1735.18,1
17044,24,1,948.48,1
17045,112,3,339.44,1
17046,156,1,642.02,1
17047,84,3,1100.9,1
17048,117,3,925.35,1
17049,2,9,5655.03,1
17050,95,6,3185.64,1
17051,193,1,240.89,1
17052,27,1,399.09,1
17053,130,1,498.48,1
17054,27,5,1356.33,1
17058,81,3,1179.89,1
17059,29,4,2358.03,1
17060,265,1,234.24,1
17061,73,11,5232.2300000000005,1
17062,313,1,102.64,1
17063,20,7,1461.14,1
17064,58,3,855.45,1
17068,11,19,4254.6900000000005,1
17069,27,7,2126.5,1
17070,113,1,304.24,1
17071,27,9,2429.03,1
17073,17,4,1446.09,1
17075,17,4,834.12,1
17076,35,2,689.5799999999999,1
17078,35,2,378.2,1
17079,77,1,118.80000000000001,1
17080,21,2,287.62,1
17081,24,2,288.91,1
17082,32,2,2003.8500000000001,1
17083,108,3,1405.78,1
17084,34,2,2747.9900000000002,1
17085,122,3,826.21,1
17086,6,6,2050.08,1
17088,27,4,1991.01,1
17090,3,6,1913.45,1
17091,2,8,3534.31,1
17092,49,4,1774.03,1
17094,321,1,302.0,1
17095,22,3,1324.16,1
17096,14,4,1022.13,1
17097,1,7,779.7,1
17100,17,2,971.74,1
17101,9,4,1621.73,1
17102,261,1,25.5,1
17105,158,2,665.78,1
17107,32,6,10797.48,1
17109,28,6,881.29,1
17110,164,1,163.29999999999998,1
17111,46,1,231.61,1
17114,5,8,801.12,1
17115,7,3,837.5,1
17117,287,1,116.2,1
17118,317,1,157.02,1
17119,2,2,606.91,1
17120,232,1,307.46,1
17122,118,1,138.32,1
17123,161,1,345.3,1
17124,184,1,294.24,1
17125,49,1,230.5,1
17126,151,4,787.5,1
17128,334,1,157.09,1
17131,4,5,2463.17,1
17133,15,7,4892.240000000001,1
17134,106,2,413.2,1
17135,15,6,924.15,1
17138,275,1,380.5,1
17139,15,12,10650.77,1
17140,246,1,454.12,1
17142,238,1,579.0,1
17144,0,2,984.57,1
17146,105,2,451.53000000000003,1
17147,22,4,1714.59,1
17148,51,1,124.88,1
17152,194,3,1689.5,1
17153,23,1,213.78,1
17154,74,1,329.34,1
17155,17,2,251.7,1
17157,7,2,319.0,1
17158,31,2,853.1800000000001,1
17159,21,3,1538.88,1
17160,30,6,3518.03,1
17162,28,10,1715.46,1
17163,21,2,293.1,1
17164,32,7,2467.35,1
17165,283,1,158.68,1
17166,38,2,206.34,1
17169,57,2,835.78,1
17171,288,1,224.91,1
17172,78,1,317.76,1
17173,4,8,3766.6,1
17174,217,1,59.9,1
17175,43,4,1443.69,1
17176,201,1,306.13,1
17179,177,2,468.79,1
17180,55,4,783.97,1
17181,56,1,84.39999999999999,1
17183,7,6,3347.31,1
17186,46,2,144.0,1
17187,226,1,203.95,1
17188,10,6,1960.5900000000001,1
17189,105,1,157.18,1
17190,58,2,444.74,1
17191,27,4,1583.57,1
17193,35,7,1699.3,1
17194,273,1,10.0,1
17197,29,1,1013.01,1
17198,23,1,170.56,1
17201,53,1,289.78000000000003,1
17203,35,6,3560.08,1
17204,174,4,1564.56,1
17205,53,1,384.08,1
17206,52,1,204.24,1
17211,26,5,1537.51,1
17212,252,1,226.85,1
17213,39,5,2165.38,1
17214,59,5,888.07,1
17217,233,1,113.5,1
17218,3,7,1350.69,1
17219,31,1,114.23,1
17220,23,13,2870.05,1
17221,6,2,334.48,1
17222,64,1,328.65,1
17223,309,1,124.05,1
17226,308,1,393.49,1
17227,18,5,797.07,1
17228,15,6,1550.14,1
17229,95,2,318.76,1
17230,263,2,878.4,1
17231,11,9,2892.71,1
17232,2,2,417.77,1
17233,34,1,190.88,1
17234,182,1,149.89,1
17235,24,1,208.16,1
17236,12,5,789.85,1
17237,10,2,314.69,1
17238,2,15,3349.01,1
17239,312,1,382.5,1
17242,107,2,1135.04,1
17243,0,23,7711.9,1
17244,52,1,954.9,1
17245,204,1,171.45000000000002,1
17247,14,1,280.09000000000003,1
17248,119,1,318.65,1
17250,3,2,381.97,1
17252,116,2,348.90999999999997,1
17253,17,1,178.26,1
17254,4,2,271.19,1
17255,40,2,291.48,1
17256,106,2,240.0,1
17259,147,1,213.28,1
17262,51,4,984.5,1
17263,207,1,63.440000000000005,1
17265,138,2,550.01,1
17266,1,3,296.58,1
17267,126,2,317.2,1
17268,107,4,763.64,1
17272,41,4,2148.63,1
17274,34,1,107.82,1
17277,227,2,1065.3500000000001,1
17278,240,1,246.04000000000002,1
17279,57,1,187.82999999999998,1
17282,129,3,1685.46,1
17284,59,6,1647.48,1
17286,21,1,151.37,1
17287,25,5,826.36,1
17288,8,6,1284.07,1
17289,31,3,931.02,1
17290,3,2,513.01,1
17291,307,1,550.8000000000001,1
17293,7,8,1507.92,1
17295,28,3,547.0,1
17297,16,1,128.18,1
17298,100,2,498.42,1
17299,11,4,656.61,1
17301,20,1,163.24,1
17302,14,5,1135.63,1
17306,10,18,8307.31,1
17309,94,1,82.75,1
17311,77,2,1384.85,1
17312,138,3,644.3,1
17313,30,1,2328.84,1
17314,24,8,2527.92,1
17315,1,37,6172.31,1
17317,45,3,2600.34,1
17320,99,2,749.7,1
17321,7,2,657.16,1
17323,14,7,906.52,1
17324,17,3,859.43,1
17325,279,1,96.8,1
17329,13,2,523.11,1
17330,22,2,363.9,1
17331,123,1,175.2,1
17333,85,1,494.25,1
17334,301,2,307.02000000000004,1
17337,150,4,1981.06,1
17338,16,7,5725.9400000000005,1
17339,93,1,183.36,1
17340,29,9,7992.900000000001,1
17341,156,2,265.68,1
17344,45,1,157.62,1
17345,14,4,519.6899999999999,1
17346,3,13,2387.54,1
17347,85,1,228.96,1
17348,14,5,1156.6,1
17349,178,1,98.25,1
17350,7,4,1281.32,1
17351,35,3,587.15,1
17353,128,2,1740.0,1
17354,50,1,1393.06,1
17356,311,1,178.22,1
17357,23,2,384.39,1
17358,302,1,119.15,1
17359,10,1,127.86,1
17360,16,3,568.24,1
17361,48,3,488.2,1
17362,238,2,312.23,1
17364,0,11,4462.68,1
17365,12,8,4767.36,1
17367,237,1,167.55,1
17368,22,8,1878.87,1
17370,72,4,446.18,1
17371,16,2,326.26,1
17372,40,6,970.65,1
17373,39,4,646.92,1
17374,218,2,495.77,1
17375,198,2,290.39,1
17376,70,2,203.2,1
17377,23,17,3273.2400000000002,1
17379,10,1,389.71999999999997,1
17381,8,26,16671.89,1
17382,64,1,65.4,1
17383,3,1,193.39000000000001,1
17384,18,2,336.4,1
17385,14,1,256.11,1
17386,7,6,2686.42,1
17387,19,2,746.81,1
17388,77,4,1259.56,1
17389,0,34,31833.68,1
17391,163,2,508.8,1
17392,306,1,145.5,1
17394,218,1,203.86999999999998,1
17396,38,7,6933.3,1
17397,21,2,681.41,1
17398,114,3,653.38,1
17400,125,4,1673.67,1
17402,4,11,2173.88,1
17403,35,1,263.92,1
17404,3,13,28072.52,1
17405,0,3,1031.41,1
17406,332,2,1482.32,1
17408,162,1,32.65,1
17409,184,2,771.85,1
17410,15,5,1214.72,1
17411,11,3,778.94,1
17412,2,5,810.3,1
17414,43,2,778.0,1
17415,79,1,507.84,1
17416,29,7,6893.42,1
17418,41,2,463.46000000000004,1
17419,10,10,3852.3,1
17420,49,2,467.98,1
17422,15,6,1979.37,1
17423,45,2,698.41,1
17425,18,2,759.1700000000001,1
17426,7,6,5037.26,1
17427,71,1,100.8,1
17428,0,26,16362.9,1
17429,127,3,524.9200000000001,1
17430,32,1,153.16,1
17431,312,1,403.3,1
17432,17,2,365.76,1
17433,87,1,303.16,1
17434,1,7,2373.82,1
17436,1,2,216.3,1
17438,253,1,388.45000000000005,1
17440,156,3,186.42000000000002,1
17442,36,6,2248.56,1
17443,219,1,534.24,1
17444,147,3,2940.04,1
17446,176,2,120.89999999999999,1
17447,39,2,541.53,1
17449,1,6,1834.95,1
17450,7,44,192361.95,1
17451,0,7,1721.4,1
17453,17,2,486.72,1
17454,191,3,351.68,1
17455,203,1,131.7,1
17457,126,5,1737.7,1
17458,14,1,316.5,1
17459,42,2,657.3,1
17460,93,4,552.13,1
17461,22,3,735.82,1
17462,59,2,675.69,1
17463,15,5,1875.8600000000001,1
17464,157,1,289.96000000000004,1
17466,9,2,763.28,1
17468,9,2,137.0,1
17469,15,5,1870.97,1
17470,44,4,946.67,1
17472,190,3,697.54,1
17475,78,1,194.37,1
17480,77,1,511.82,1
17481,3,4,1255.59,1
17483,64,3,414.04,1
17486,260,1,396.87,1
17489,58,2,376.64,1
17490,0,7,2092.32,1
17491,0,9,3231.4700000000003,1
17492,247,1,374.57,1
17495,7,2,497.56,1
17498,75,1,272.21999999999997,1
17499,289,1,622.88,1
17500,16,3,1138.0,1
17501,220,2,288.6,1
17502,8,4,689.1,1
17503,2,2,558.96,1
17504,205,9,2997.03,1
17505,161,2,1145.8400000000001,1
17506,75,1,302.2,1
17507,261,2,605.58,1
17508,280,1,387.31,1
17509,57,8,6083.64,1
17510,24,1,308.48,1
17511,2,28,84351.3,1
17512,28,10,2924.9900000000002,1
17513,71,1,513.2,1
17514,127,1,208.65,1
17515,30,4,639.02,1
17516,14,5,764.88,1
17517,308,1,153.94,1
17519,16,5,1508.72,1
17520,53,1,546.81,1
17521,29,3,723.21,1
17522,1,5,1070.71,1
17523,10,4,652.74,1
17526,4,2,957.3,1
17527,53,4,939.37,1
17528,0,8,3628.5,1
17530,0,9,2066.48,1
17531,189,1,296.7,1
17534,53,1,223.36,1
17535,279,1,164.4,1
17536,176,1,76.5,1
17537,29,2,887.6700000000001,1
17538,25,1,98.42,1
17540,24,2,578.9,1
17542,269,1,170.75,1
17545,42,3,642.32,1
17548,233,1,103.3,1
17549,23,2,148.86,1
17550,196,3,267.16,1
17552,59,2,631.89,1
17553,129,1,1487.6,1
17554,0,5,1952.45,1
17555,19,2,480.31,1
17556,205,1,157.9,1
17557,13,3,541.46,1
17560,94,4,854.95,1
17561,18,1,165.12,1
17562,13,7,1122.38,1
17564,23,3,454.01,1
17566,7,2,869.77,1
17567,6,7,3813.53,1
17569,331,1,344.14,1
17571,49,4,1425.67,1
17572,70,3,155.95000000000002,1
17573,28,3,380.6,1
17574,242,1,185.65,1
17576,7,17,3267.83,1
17578,217,1,143.45999999999998,1
17579,4,3,448.90000000000003,1
17580,252,2,168.87,1
17581,0,23,10238.46,1
17582,235,1,175.27,1
17584,6,2,1242.3,1
17585,108,4,1116.68,1
17588,99,3,1240.2,1
17589,59,4,2404.17,1
17590,1,3,1468.02,1
17591,72,6,1819.3700000000001,1
17593,3,4,3260.96,1
17594,84,2,993.1800000000001,1
17595,11,2,386.69,1
17596,22,6,2415.72,1
17597,213,1,2044.3700000000001,1
17600,17,1,161.67000000000002,1
17601,238,1,116.00999999999999,1
17602,1,6,5054.42,1
17603,77,1,394.72,1
17604,216,2,309.36,1
17608,32,2,191.99,1
17609,40,5,1105.78,1
17611,6,14,3716.93,1
17612,52,6,2048.45,1
17613,22,14,4544.55,1
17614,56,1,386.32,1
17615,129,3,329.6,1
17616,173,2,244.79999999999998,1
17618,5,2,651.3,1
17619,311,1,214.37,1
17620,59,1,81.44,1
17621,20,2,1140.5,1
17623,32,1,527.05,1
17624,14,2,843.48,1
17625,17,4,2020.4,1
17628,80,1,75.75,1
17629,5,7,1575.47,1
17630,169,2,503.6,1
17631,1,3,528.33,1
17633,30,4,1324.84,1
17634,35,9,2358.59,1
17636,18,1,285.56,1
17637,30,2,547.0600000000001,1
17639,275,1,108.5,1
17640,86,1,621.66,1
17642,119,2,712.29,1
17644,0,11,2895.64,1
17646,218,2,757.39,1
17647,64,1,133.06,1
17648,60,4,1797.5,1
17649,137,1,868.49,1
17650,20,1,166.07999999999998,1
17651,11,10,3945.0,1
17652,24,12,4867.72,1
17653,36,4,1207.56,1
17654,276,1,117.55,1
17655,10,6,1962.8400000000001,1
17656,72,5,1674.69,1
17658,25,2,595.42,1
17659,16,10,2639.51,1
17660,140,1,178.75,1
17663,25,7,1802.91,1
17664,18,2,604.64,1
17666,3,2,728.16,1
17667,65,5,2055.51,1
17668,0,2,347.75,1
17669,42,7,3406.7200000000003,1
17670,227,1,205.7,1
17671,15,3,1178.53,1
17672,49,2,3178.17,1
17673,1,6,1594.97,1
17674,73,1,250.38,1
17675,0,29,19355.16,1
17676,3,5,1070.48,1
17677,1,26,14728.78,1
17678,263,1,298.11,1
17679,52,2,1992.1100000000001,1
17680,23,1,184.4,1
17682,9,5,2082.83,1
17684,43,1,239.41,1
17685,16,5,2692.81,1
17686,6,7,5739.46,1
17690,29,11,4038.9,1
17692,126,3,397.68,1
17693,136,1,200.47,1
17694,141,1,283.12,1
17695,131,2,765.34,1
17696,37,6,2110.11,1
17697,235,1,338.95,1
17698,260,1,154.95,1
17700,16,4,2534.64,1
17701,252,1,417.95,1
17702,29,4,1824.37,1
17703,34,3,798.74,1
17704,168,2,885.19,1
17705,2,9,1823.52,1
17706,3,14,10026.66,1
17707,184,2,152.4,1
17708,187,2,263.33,1
17709,169,1,137.45,1
17711,10,2,385.1,1
17712,44,1,522.91,1
17714,320,1,153.0,1
17715,200,1,326.4,1
17716,22,11,5655.99,1
17718,231,1,139.35,1
17719,37,15,5396.04,1
17720,25,3,1093.94,1
17722,95,3,1513.9,1
17723,126,6,3276.4000000000005,1
17724,70,3,1033.0,1
17725,15,11,3439.08,1
17727,14,1,1060.25,1
17728,3,3,2876.01,1
17730,2,13,5298.4800000000005,1
17731,78,4,1240.11,1
17733,38,2,692.19,1
17734,53,3,700.63,1
17735,1,18,12655.42,1
17736,8,3,377.44,1
17737,8,2,168.24,1
17738,18,4,1879.05,1
17739,11,6,2431.29,1
17742,112,2,355.11,1
17744,3,5,1944.8799999999999,1
17746,239,1,110.25,1
17747,112,1,71.4,1
17749,177,2,674.52,1
17750,4,9,1710.45,1
17754,0,5,1664.6499999999999,1
17757,0,26,5027.59,1
17758,18,8,3408.2,1
17759,16,3,819.96,1
17760,21,1,115.05,1
17761,32,1,712.78,1
17763,262,1,15.0,1
17764,50,2,772.55,1
17765,158,3,367.63,1
17767,14,1,271.2,1
17768,7,3,2081.9,1
17769,12,10,3957.43,1
17770,198,5,1143.27,1
17771,56,2,245.81,1
17772,10,2,173.45,1
17774,96,4,1213.73,1
17775,254,1,56.4,1
17777,24,3,647.56,1
17779,20,3,650.32,1
17781,158,2,188.02,1
17783,71,2,283.47,1
17785,52,1,131.94,1
17786,84,2,266.85,1
17787,152,3,1081.26,1
17788,73,2,1117.9,1
17789,280,1,225.9,1
17790,26,9,1564.75,1
17791,29,1,106.1,1
17793,24,1,300.34,1
17795,179,2,342.83,1
17796,39,3,575.35,1
17797,21,3,780.43,1
17799,21,9,2815.69,1
17800,36,9,1187.21,1
17802,81,2,1184.84,1
17805,73,1,512.31,1
17806,10,1,546.04,1
17809,15,9,4160.41,1
17811,3,39,7761.82,1
17812,12,3,506.51,1
17813,13,5,1698.07,1
17816,36,3,20.35,1
17817,3,3,387.68,1
17819,71,5,2724.75,1
17824,50,1,298.4,1
17827,4,2,716.37,1
17828,22,4,1820.09,1
17829,298,1,889.24,1
17830,1,3,398.7,1
17831,32,1,35.400000000000006,1
17832,49,1,155.37,1
17835,2,3,342.24,1
17836,46,1,110.21000000000001,1
17837,41,8,1541.23,1
17838,26,3,1817.94,1
17839,41,1,318.15,1
17841,1,118,38049.22,1
17843,302,1,205.48,1
17844,106,1,51.559999999999995,1
17846,84,1,2033.1,1
17848,80,8,803.9,1
17849,217,4,605.8000000000001,1
17852,11,2,114.34,1
17854,184,2,311.26,1
17856,1,4,1418.03,1
17857,3,21,25538.34,1
17858,5,10,3598.81,1
17859,304,1,141.92,1
17861,2,8,2097.88,1
17862,323,1,330.9,1
17863,58,5,2775.28,1
17864,12,3,554.85,1
17865,30,18,9446.49,1
17866,142,1,329.65000000000003,1
17867,29,6,1157.8700000000001,1
17869,106,4,213.86,1
17870,1,11,1539.49,1
17871,204,1,155.9,1
17873,79,4,1644.01,1
17874,184,6,683.46,1
17877,169,1,237.61,1
17878,43,1,379.45,1
17879,173,1,178.52,1
17881,303,1,133.35,1
17883,2,4,664.34,1
17884,3,2,372.55,1
17885,11,1,156.34,1
17886,31,3,869.28,1
17887,128,1,111.35,1
17888,20,7,686.5699999999999,1
17889,211,2,201.37,1
17890,322,1,123.88,1
17891,161,1,203.85999999999999,1
17892,55,3,244.1,1
17893,224,1,107.21,1
17894,71,4,603.96,1
17895,43,1,95.45,1
17896,22,1,256.32,1
17897,172,1,131.14,1
17898,84,2,152.06,1
17899,158,1,154.55,1
17900,189,2,112.19999999999999,1
17901,28,1,110.38,1
17904,20,1,181.07,1
17905,70,2,406.09000000000003,1
17906,246,1,72.9,1
17911,8,1,366.23,1
17912,309,1,21.6,1
17913,58,1,190.6,1
17914,3,1,329.36,1
17917,44,2,227.87,1
17919,87,1,1304.04,1
17920,3,15,3444.54,1
17921,63,4,820.23,1
17923,281,1,207.50000000000003,1
17924,11,6,2683.5,1
17926,132,2,397.29,1
17928,44,2,212.54,1
17929,10,4,843.0,1
17930,35,5,1740.48,1
17931,133,2,408.36,1
17932,28,3,1331.57,1
17934,51,2,704.25,1
17935,137,2,145.79,1
17936,4,1,380.13,1
17937,8,5,2147.34,1
17939,159,1,99.14,1
17940,48,10,4020.04,1
17941,130,1,304.56,1
17942,7,1,77.50000000000001,1
17946,232,2,149.57999999999998,1
17947,36,1,176.68,1
17948,146,1,358.56000000000006,1
17949,0,44,57196.48,1
17950,71,1,219.03,1
17951,39,1,599.0400000000001,1
17954,4,10,2185.45,1
17955,198,4,557.3,1
17956,248,1,12.75,1
17957,65,1,111.68,1
17958,116,1,508.46000000000004,1
17960,170,1,73.78,1
17961,20,36,726.69,1
17962,141,1,102.41,1
17964,31,1,201.45,1
17965,37,12,2448.64,1
17966,37,5,1098.43,1
17969,165,1,103.0,1
17970,210,1,562.79,1
17972,241,1,135.19,1
17973,51,1,337.04,1
17974,24,3,703.99,1
17975,14,11,3861.77,1
17977,28,1,288.14,1
17979,35,4,732.41,1
17980,165,2,516.25,1
17984,144,1,152.68,1
17985,21,1,631.35,1
17986,55,1,20.8,1
17987,184,1,198.57,1
17988,11,7,201.12,1
17990,236,1,314.84000000000003,1
17991,224,2,93.35,1
17994,121,4,674.89,1
17995,281,1,76.1,1
17997,73,8,1962.46,1
17999,36,1,190.05,1
18001,11,2,415.13,1
18005,3,2,226.47,1
18006,22,1,444.68,1
18008,69,9,2116.19,1
18009,234,1,247.39,1
18010,256,1,174.8,1
18013,154,2,187.29,1
18014,27,1,162.22,1
18015,3,1,120.03,1
18016,31,4,1321.01,1
18017,80,3,523.0,1
18018,107,2,122.14,1
18019,51,1,38.45,1
18022,35,1,612.72,1
18024,152,2,389.78,1
18027,98,1,115.31,1
18030,3,2,230.64999999999998,1
18032,333,1,73.5,1
18033,64,1,93.82000000000001,1
18034,21,2,418.68,1
18035,35,3,713.89,1
18036,31,3,403.12,1
18037,153,5,38.72,1
18040,18,2,357.20000000000005,1
18041,11,18,3482.48,1
18042,53,1,165.04999999999998,1
18043,24,2,241.38,1
18044,3,9,2014.3500000000001,1
18045,44,1,178.34,1
18048,202,2,172.29000000000002,1
18053,70,1,300.02,1
18055,6,7,5010.22,1
18056,287,1,363.65,1
18058,9,1,170.16,1
18059,22,3,306.46,1
18061,21,9,1714.25,1
18062,172,3,720.52,1
18064,132,2,814.0,1
18065,5,12,2047.81,1
18066,74,1,318.0,1
18067,39,1,396.33,1
18068,288,1,101.7,1
18069,25,5,2009.24,1
18071,257,1,194.05,1
18072,185,1,247.44,1
18073,113,12,3859.82,1
18075,22,9,2412.8,1
18077,7,9,2188.08,1
18078,216,2,336.13,1
18079,44,4,3613.15,1
18080,18,2,1231.5,1
18081,35,3,343.45,1
18082,25,1,680.84,1
18084,15,1,90.48,1
18085,329,1,386.05,1
18086,273,1,101.34,1
18087,97,2,4055.7200000000003,1
18088,60,1,166.03,1
18092,1,8,6215.62,1
18093,92,4,2106.52,1
18094,81,7,3017.3,1
18095,312,2,580.05,1
18096,11,3,849.06,1
18097,7,5,2479.88,1
18099,126,1,168.31,1
18101,10,2,222.4,1
18102,0,56,231822.69,1
18104,36,1,754.64,1
18105,37,1,113.48000000000002,1
18106,329,1,421.9,1
18108,253,1,271.0,1
18109,1,24,7452.17,1
18110,19,1,198.8,1
18112,11,2,352.69,1
18114,289,1,220.1,1
18116,67,5,741.74,1
18117,25,1,315.65,1
18118,10,24,5020.32,1
18120,213,1,111.15,1
18121,148,2,653.3000000000001,1
18122,7,6,1791.81,1
18123,23,2,574.4399999999999,1
18125,29,4,1131.75,1
18126,60,1,200.92,1
18127,18,3,347.08,1
18129,242,1,112.55000000000001,1
18130,14,3,1059.39,1
18133,211,1,931.5,1
18135,28,5,681.91,1
18136,62,3,784.33,1
18138,294,1,152.65,1
18139,17,6,8438.34,1
18142,156,2,1019.52,1
18143,116,2,1000.16,1
18144,7,10,2386.1,1
18145,12,4,2861.55,1
18146,140,2,160.35,1
18147,45,2,179.34,1
18149,50,3,612.0799999999999,1
18150,31,3,566.58,1
18151,134,2,653.35,1
18154,2,2,399.19,1
18155,74,3,371.62,1
18156,12,1,488.76,1
18158,8,2,453.4,1
18159,300,1,530.15,1
18160,56,2,638.0600000000001,1
18161,14,5,1618.69,1
18164,36,1,399.65,1
18165,176,1,302.46,1
18167,22,3,1384.8600000000001,1
18168,175,4,710.1,1
18169,60,1,202.65,1
18170,32,3,980.3100000000001,1
18171,58,5,1231.31,1
18172,14,20,7561.68,1
18173,86,4,2106.84,1
18174,6,1,104.0,1
18177,30,6,1340.8700000000001,1
18178,128,3,1290.16,1
18179,8,6,1793.17,1
18180,4,6,1843.75,1
18181,23,1,366.85,1
18183,226,2,632.07,1
18184,14,1,49.8,1
18185,248,1,304.25,1
18188,14,3,2001.04,1
18189,77,2,1090.24,1
18190,191,2,284.46000000000004,1
18191,261,1,207.8,1
18192,71,1,957.97,1
18193,164,1,243.76,1
18194,81,1,973.84,1
18196,94,2,686.63,1
18198,3,17,5425.56,1
18200,105,1,150.35,1
18202,199,3,1396.99,1
18203,156,1,160.42000000000002,1
18204,70,3,1975.3500000000001,1
18205,35,2,517.36,1
18209,28,1,139.10000000000002,1
18210,1,6,2621.38,1
18211,25,5,600.07,1
18212,325,1,216.07,1
18213,236,1,232.48000000000002,1
18215,88,1,299.34000000000003,1
18216,30,1,481.75,1
18217,28,2,621.75,1
18218,210,2,641.92,1
18219,2,8,1679.71,1
18220,226,1,305.28,1
18221,21,5,1041.61,1
18222,92,1,443.0,1
18223,4,13,5982.85,1
18224,263,1,158.95000000000002,1
18225,2,11,5474.96,1
18226,43,11,5228.05,1
18227,217,1,93.75,1
18228,56,2,779.9,1
18229,11,18,6623.7,1
18230,8,7,2810.2000000000003,1
18231,191,5,2071.77,1
18232,81,4,592.97,1
18233,325,1,440.0,1
18235,71,3,1796.48,1
18236,29,6,882.24,1
18237,2,5,987.1,1
18239,218,4,1123.51,1
18240,45,1,422.58,1
18241,9,17,2073.09,1
18242,71,4,2232.4900000000002,1
18245,6,6,2201.33,1
18246,23,2,596.1,1
18248,122,2,804.02,1
18249,16,1,95.34,1
18250,309,1,349.27,1
18251,86,1,4314.72,1
18252,50,2,518.27,1
18255,88,1,103.30000000000001,1
18257,38,8,2337.63,1
18259,24,2,1962.3000000000002,1
18260,172,5,2397.65,1
18261,42,2,324.24,1
18262,139,1,149.48,1
18263,25,3,1213.16,1
18265,71,2,801.51,1
18268,133,1,25.5,1
18270,37,2,283.15000000000003,1
18272,2,6,3078.58,1
18273,1,3,204.0,1
18274,29,1,175.92,1
18276,43,1,335.86,1
18277,57,1,110.38,1
18278,73,1,173.9,1
18280,277,1,180.60000000000002,1
18281,180,1,80.82,1
18282,7,2,178.05,1
18283,3,16,2045.53,1
18287,42,3,1837.28,1
